Title,URL,Categories,"Published Date"
三国（大阪市淀川区）,https://www.supercourt.jp/topics/hello-world/,お知らせ,"2014-02-20 16:53:36"
せいりょう（大阪市東住吉区）,https://www.supercourt.jp/topics/%e3%81%9b%e3%81%84%e3%82%8a%e3%82%87%e3%81%86/,お知らせ,"2012-05-21 19:49:47"
せいりょう巽北（大阪市生野区）,https://www.supercourt.jp/topics/%e3%81%9b%e3%81%84%e3%82%8a%e3%82%87%e3%81%86%e5%b7%bd%e5%8c%97%ef%bc%88%e5%a4%a7%e9%98%aa%e5%b8%82%e7%94%9f%e9%87%8e%e5%8c%ba%ef%bc%89/,お知らせ,"2012-05-21 20:23:04"
茨木さくら通り（大阪府茨木市）,https://www.supercourt.jp/topics/%e8%8c%a8%e6%9c%a8%e3%81%95%e3%81%8f%e3%82%89%e9%80%9a%e3%82%8a%ef%bc%88%e8%8c%a8%e6%9c%a8%e5%b8%82%e6%b2%a2%e8%89%af%e5%ae%9c%e6%9d%b1%e7%94%ba%ef%bc%89/,お知らせ,"2012-05-22 11:01:49"
茨木彩都（大阪府茨木市）,https://www.supercourt.jp/topics/%e8%8c%a8%e6%9c%a8%e5%bd%a9%e9%83%bd%ef%bc%88%e8%8c%a8%e6%9c%a8%e5%b8%82%e5%bd%a9%e9%83%bd%ef%bc%89/,お知らせ,"2012-05-22 12:06:39"
京・桂（京都市西京区）,https://www.supercourt.jp/topics/%e4%ba%ac%e3%83%bb%e6%a1%82%ef%bc%88%e4%ba%ac%e9%83%bd%e5%b8%82%e8%a5%bf%e4%ba%ac%e5%8c%ba%ef%bc%89/,お知らせ,"2012-05-22 15:19:10"
京・四条大宮（京都市中京区）,https://www.supercourt.jp/topics/%e4%ba%ac%e3%83%bb%e5%9b%9b%e6%9d%a1%e5%a4%a7%e5%ae%ae%ef%bc%88%e4%ba%ac%e9%83%bd%e5%b8%82%e4%b8%ad%e4%ba%ac%e5%8c%ba%ef%bc%89/,お知らせ,"2012-05-22 16:30:12"
郡山筒井（奈良県大和郡山市）,https://www.supercourt.jp/topics/%e9%83%a1%e5%b1%b1%e7%ad%92%e4%ba%95%ef%bc%88%e5%a5%88%e8%89%af%e7%9c%8c%e5%a4%a7%e5%92%8c%e9%83%a1%e5%b1%b1%e5%b8%82%ef%bc%89/,お知らせ,"2012-05-22 17:22:13"
高石羽衣（大阪府高石市）,https://www.supercourt.jp/topics/%e9%ab%98%e7%9f%b3%e7%be%bd%e8%a1%a3%ef%bc%88%e5%a4%a7%e9%98%aa%e5%ba%9c%e9%ab%98%e7%9f%b3%e5%b8%82%ef%bc%89/,お知らせ,"2012-05-22 19:07:09"
堺（大阪府堺市）,https://www.supercourt.jp/topics/%e5%a0%ba%ef%bc%88%e5%a4%a7%e9%98%aa%e5%ba%9c%e5%a0%ba%e5%b8%82%ef%bc%89/,お知らせ,"2012-05-22 19:32:16"
堺神石（大阪府堺市）,https://www.supercourt.jp/topics/%e5%a0%ba%e7%a5%9e%e7%9f%b3%ef%bc%88%e5%a4%a7%e9%98%aa%e5%ba%9c%e5%a0%ba%e5%b8%82%ef%bc%89/,お知らせ,"2012-05-22 20:30:28"
堺神石2号館（大阪府堺市）,https://www.supercourt.jp/topics/%e5%a0%ba%e7%a5%9e%e7%9f%b32%e5%8f%b7%e9%a4%a8%ef%bc%88%e5%a4%a7%e9%98%aa%e5%ba%9c%e5%a0%ba%e5%b8%82%ef%bc%89/,お知らせ,"2012-05-22 21:12:52"
堺白鷺（大阪府堺市）,https://www.supercourt.jp/topics/%e5%a0%ba%e7%99%bd%e9%b7%ba%ef%bc%88%e5%a4%a7%e9%98%aa%e5%ba%9c%e5%a0%ba%e5%b8%82%ef%bc%89/,お知らせ,"2012-05-22 21:33:15"
松原（大阪府松原市）,https://www.supercourt.jp/topics/%e6%9d%be%e5%8e%9f%ef%bc%88%e5%a4%a7%e9%98%aa%e5%ba%9c%e6%9d%be%e5%8e%9f%e5%b8%82%ef%bc%89/,お知らせ,"2012-05-23 10:24:52"
川西（兵庫県川西市）,https://www.supercourt.jp/topics/%e5%b7%9d%e8%a5%bf%ef%bc%88%e5%85%b5%e5%ba%ab%e7%9c%8c%e5%b7%9d%e8%a5%bf%e5%b8%82%ef%bc%89/,お知らせ,"2012-05-23 11:17:13"
川西加茂（兵庫県川西市）,https://www.supercourt.jp/topics/%e5%b7%9d%e8%a5%bf%e5%8a%a0%e8%8c%82%ef%bc%88%e5%85%b5%e5%ba%ab%e7%9c%8c%e5%b7%9d%e8%a5%bf%e5%b8%82%ef%bc%89/,お知らせ,"2012-05-23 11:43:21"
大阪城公園（大阪市城東区）,https://www.supercourt.jp/topics/%e5%a4%a7%e9%98%aa%e5%9f%8e%e5%85%ac%e5%9c%92%ef%bc%88%e5%a4%a7%e9%98%aa%e5%b8%82%e5%9f%8e%e6%9d%b1%e5%8c%ba%ef%bc%89/,お知らせ,"2012-05-23 13:11:17"
大東（大阪府大東市）,https://www.supercourt.jp/topics/%e5%a4%a7%e6%9d%b1%ef%bc%88%e5%a4%a7%e9%98%aa%e5%ba%9c%e5%a4%a7%e6%9d%b1%e5%b8%82%ef%bc%89/,お知らせ,"2012-05-23 14:14:04"
猪名寺（兵庫県尼崎市）,https://www.supercourt.jp/topics/%e7%8c%aa%e5%90%8d%e5%af%ba%ef%bc%88%e5%85%b5%e5%ba%ab%e7%9c%8c%e5%b0%bc%e5%b4%8e%e5%b8%82%ef%bc%89/,お知らせ,"2012-05-23 14:48:23"
東住吉1号館（大阪市東住吉区）,https://www.supercourt.jp/topics/%e6%9d%b1%e4%bd%8f%e5%90%891%e5%8f%b7%e9%a4%a8%ef%bc%88%e5%a4%a7%e9%98%aa%e5%b8%82%e6%9d%b1%e4%bd%8f%e5%90%89%e5%8c%ba%ef%bc%89/,お知らせ,"2012-05-23 15:29:35"
東住吉2号館（大阪市東住吉区）,https://www.supercourt.jp/topics/%e6%9d%b1%e4%bd%8f%e5%90%892%e5%8f%b7%e9%a4%a8%ef%bc%88%e5%a4%a7%e9%98%aa%e5%b8%82%e6%9d%b1%e4%bd%8f%e5%90%89%e5%8c%ba%ef%bc%89/,お知らせ,"2012-05-23 16:02:25"
東大阪みと（大阪府東大阪市）,https://www.supercourt.jp/topics/%e6%9d%b1%e5%a4%a7%e9%98%aa%e3%81%bf%e3%81%a8/,お知らせ,"2012-05-23 17:00:15"
JR奈良駅前（奈良県奈良市）,https://www.supercourt.jp/topics/jr%e5%a5%88%e8%89%af%e9%a7%85%e5%89%8d/,お知らせ,"2012-05-23 17:38:46"
南花屋敷（兵庫県川西市）,https://www.supercourt.jp/topics/%e5%8d%97%e8%8a%b1%e5%b1%8b%e6%95%b7/,お知らせ,"2012-05-23 18:05:54"
八尾（大阪府八尾市）,https://www.supercourt.jp/topics/%e5%85%ab%e5%b0%be%ef%bc%88%e5%a4%a7%e9%98%aa%e5%ba%9c%e5%85%ab%e5%b0%be%ef%bc%89/,お知らせ,"2012-05-23 18:54:35"
平野（大阪市平野区）,https://www.supercourt.jp/topics/%e5%b9%b3%e9%87%8e%ef%bc%88%e5%a4%a7%e9%98%aa%e5%b8%82%e5%b9%b3%e9%87%8e%e5%8c%ba%ef%bc%89/,お知らせ,"2012-05-23 19:57:32"
平野喜連（大阪市平野区）,https://www.supercourt.jp/topics/%e5%b9%b3%e9%87%8e%e5%96%9c%e9%80%a3%ef%bc%88%e5%a4%a7%e9%98%aa%e5%b8%82%e5%b9%b3%e9%87%8e%e5%8c%ba%ef%bc%89/,お知らせ,"2012-05-23 20:43:36"
箕面小野原（大阪府箕面市）,https://www.supercourt.jp/topics/%e7%ae%95%e9%9d%a2%e5%b0%8f%e9%87%8e%e5%8e%9f%ef%bc%88%e5%a4%a7%e9%98%aa%e5%ba%9c%e7%ae%95%e9%9d%a2%e5%b8%82%ef%bc%89/,お知らせ,"2012-05-23 20:53:59"
門真（大阪府門真市）,https://www.supercourt.jp/topics/%e9%96%80%e7%9c%9f/,お知らせ,"2012-05-23 21:10:12"
介護付有料老人ホーム　スーパー・コート堺神石2号館オープン！,https://www.supercourt.jp/topics/topics-1246/,お知らせ,"2008-02-01 16:20:37"
有料老人ホーム　スーパー・コート堺白鷺オープン！,https://www.supercourt.jp/topics/topics-1250/,お知らせ,"2008-06-01 16:18:14"
スーパー・コートHPをリニューアルいたしました。,https://www.supercourt.jp/topics/%e3%82%b9%e3%83%bc%e3%83%91%e3%83%bc%e3%82%b3%e3%83%bc%e3%83%88hp%e3%82%92%e3%83%aa%e3%83%8b%e3%83%a5%e3%83%bc%e3%82%a2%e3%83%ab%e3%81%84%e3%81%9f%e3%81%97%e3%81%be%e3%81%97%e3%81%9f%e3%80%82/,お知らせ,"2008-08-01 16:20:45"
有料老人ホーム　スーパー・コート高石羽衣オープン予定！,https://www.supercourt.jp/topics/%e6%9c%89%e6%96%99%e8%80%81%e4%ba%ba%e3%83%9b%e3%83%bc%e3%83%a0%e3%80%80%e3%82%b9%e3%83%bc%e3%83%91%e3%83%bc%e3%82%b3%e3%83%bc%e3%83%88%e9%ab%98%e7%9f%b3%e7%be%bd%e8%a1%a3%e3%82%aa%e3%83%bc%e3%83%97/,お知らせ,"2008-08-20 15:56:45"
有料老人ホーム　スーパー・コート松原オープン予定！,https://www.supercourt.jp/topics/%e6%9c%89%e6%96%99%e8%80%81%e4%ba%ba%e3%83%9b%e3%83%bc%e3%83%a0%e3%80%80%e3%82%b9%e3%83%bc%e3%83%91%e3%83%bc%e3%82%b3%e3%83%bc%e3%83%88%e6%9d%be%e5%8e%9f%e3%82%aa%e3%83%bc%e3%83%97%e3%83%b3%e4%ba%88/,お知らせ,"2008-08-20 16:02:30"
新設ホームのご案内でスーパー・コート松原をご紹介,https://www.supercourt.jp/topics/%e6%96%b0%e8%a8%ad%e3%83%9b%e3%83%bc%e3%83%a0%e3%81%ae%e3%81%94%e6%a1%88%e5%86%85%e3%81%a7%e3%82%b9%e3%83%bc%e3%83%91%e3%83%bc%e3%82%b3%e3%83%bc%e3%83%88%e6%9d%be%e5%8e%9f%e3%82%92%e3%81%94%e7%b4%b9/,お知らせ,"2008-08-22 18:30:30"
音声ナビを公開！！,https://www.supercourt.jp/topics/%e9%9f%b3%e5%a3%b0%e3%83%8a%e3%83%93%e3%82%92%e5%85%ac%e9%96%8b%ef%bc%81%ef%bc%81/,お知らせ,"2008-09-03 14:04:52"
"有料老人ホーム スーパー・コート高石羽衣がオープン！！",https://www.supercourt.jp/topics/%e6%9c%89%e6%96%99%e8%80%81%e4%ba%ba%e3%83%9b%e3%83%bc%e3%83%a0-%e3%82%b9%e3%83%bc%e3%83%91%e3%83%bc%e3%82%b3%e3%83%bc%e3%83%88%e9%ab%98%e7%9f%b3%e7%be%bd%e8%a1%a3%e3%81%8c%e3%82%aa%e3%83%bc%e3%83%97/,お知らせ,"2008-11-01 16:39:45"
有料老人ホーム　スーパー・コート松原　オープン！！,https://www.supercourt.jp/topics/%e6%9c%89%e6%96%99%e8%80%81%e4%ba%ba%e3%83%9b%e3%83%bc%e3%83%a0%e3%80%80%e3%82%b9%e3%83%bc%e3%83%91%e3%83%bc%e3%82%b3%e3%83%bc%e3%83%88%e6%9d%be%e5%8e%9f%e3%80%80%e3%82%aa%e3%83%bc%e3%83%97%e3%83%b3/,お知らせ,"2008-12-01 13:43:16"
有料老人ホーム　スーパー・コート箕面小野原　オープン♪,https://www.supercourt.jp/topics/%e6%9c%89%e6%96%99%e8%80%81%e4%ba%ba%e3%83%9b%e3%83%bc%e3%83%a0%e3%80%80%e3%82%b9%e3%83%bc%e3%83%91%e3%83%bc%e3%82%b3%e3%83%bc%e3%83%88%e7%ae%95%e9%9d%a2%e5%b0%8f%e9%87%8e%e5%8e%9f%e3%80%80%e3%82%aa/,お知らせ,"2009-04-22 18:41:42"
適合高齢者専用賃貸住宅　スーパー・コートJR奈良駅前　　オープン♪♪,https://www.supercourt.jp/topics/%e9%81%a9%e5%90%88%e9%ab%98%e9%bd%a2%e8%80%85%e5%b0%82%e7%94%a8%e8%b3%83%e8%b2%b8%e4%bd%8f%e5%ae%85%e3%80%80%e3%82%b9%e3%83%bc%e3%83%91%e3%83%bc%e3%82%b3%e3%83%bc%e3%83%88jr%e5%a5%88%e8%89%af%e9%a7%85/,お知らせ,"2009-08-01 18:56:19"
第２回合同説明会　in　スーパー・コートJR奈良駅前☆☆,https://www.supercourt.jp/topics/topics-1279/,お知らせ,"2009-10-22 19:11:42"
"第３回合同説明会 in スーパー・コートJR奈良駅前　",https://www.supercourt.jp/topics/%e7%ac%ac%ef%bc%93%e5%9b%9e%e5%90%88%e5%90%8c%e8%aa%ac%e6%98%8e%e4%bc%9a-in-%e3%82%b9%e3%83%bc%e3%83%91%e3%83%bc%e3%82%b3%e3%83%bc%e3%83%88jr%e5%a5%88%e8%89%af%e9%a7%85%e5%89%8d%e3%80%80/,お知らせ,"2009-11-03 16:00:41"
認知症サポーター養成講座　～スーパー・コート高石羽衣～,https://www.supercourt.jp/topics/%e8%aa%8d%e7%9f%a5%e7%97%87%e3%82%b5%e3%83%9d%e3%83%bc%e3%82%bf%e3%83%bc%e9%a4%8a%e6%88%90%e8%ac%9b%e5%ba%a7%e3%80%80%ef%bd%9e%e3%82%b9%e3%83%bc%e3%83%91%e3%83%bc%e3%82%b3%e3%83%bc%e3%83%88%e9%ab%98/,お知らせ,"2009-11-05 09:42:12"
第４回合同説明会　～スーパー・コートJR奈良駅前～,https://www.supercourt.jp/topics/%e7%ac%ac%ef%bc%94%e5%9b%9e%e5%90%88%e5%90%8c%e8%aa%ac%e6%98%8e%e4%bc%9a%e3%80%80%ef%bd%9e%e3%82%b9%e3%83%bc%e3%83%91%e3%83%bc%e3%82%b3%e3%83%bc%e3%83%88jr%e5%a5%88%e8%89%af%e9%a7%85%e5%89%8d%ef%bd%9e/,お知らせ,"2010-01-10 16:52:10"
平成２２年５月１日ＯＰＥＮのスーパー・コート三国事前説明会のお知らせ,https://www.supercourt.jp/topics/%e5%b9%b3%e6%88%90%ef%bc%92%ef%bc%92%e5%b9%b4%ef%bc%95%e6%9c%88%ef%bc%91%e6%97%a5%ef%bd%8f%ef%bd%90%ef%bd%85%ef%bd%8e%e3%81%ae%e3%82%b9%e3%83%bc%e3%83%91%e3%83%bc%e3%82%b3%e3%83%bc%e3%83%88%e4%b8%89/,お知らせ,"2010-01-27 14:24:03"
事前説明会開催のお知らせ♪,https://www.supercourt.jp/topics/%e4%ba%8b%e5%89%8d%e8%aa%ac%e6%98%8e%e4%bc%9a%e9%96%8b%e5%82%ac%e3%81%ae%e3%81%8a%e7%9f%a5%e3%82%89%e3%81%9b%e2%99%aa/,お知らせ,"2010-02-03 10:53:54"
♪新規オープン施設　入居相談会のお知らせ♪,https://www.supercourt.jp/topics/%e2%99%aa%e6%96%b0%e8%a6%8f%e3%82%aa%e3%83%bc%e3%83%97%e3%83%b3%e6%96%bd%e8%a8%ad%e3%80%80%e5%85%a5%e5%b1%85%e7%9b%b8%e8%ab%87%e4%bc%9a%e3%81%ae%e3%81%8a%e7%9f%a5%e3%82%89%e3%81%9b%e2%99%aa/,お知らせ,"2010-03-02 12:52:24"
入居相談会開催のお知らせ,https://www.supercourt.jp/topics/%e5%85%a5%e5%b1%85%e7%9b%b8%e8%ab%87%e4%bc%9a%e9%96%8b%e5%82%ac%e3%81%ae%e3%81%8a%e7%9f%a5%e3%82%89%e3%81%9b/,お知らせ,"2010-04-10 16:15:42"
茨木彩都　入居相談会開催のお知らせ♪,https://www.supercourt.jp/topics/%e8%8c%a8%e6%9c%a8%e5%bd%a9%e9%83%bd%e3%80%80%e5%85%a5%e5%b1%85%e7%9b%b8%e8%ab%87%e4%bc%9a%e9%96%8b%e5%82%ac%e3%81%ae%e3%81%8a%e7%9f%a5%e3%82%89%e3%81%9b%e2%99%aa/,お知らせ,"2010-06-09 13:09:10"
白澤政和氏の講演会のお知らせ,https://www.supercourt.jp/topics/%e7%99%bd%e6%be%a4%e6%94%bf%e5%92%8c%e6%b0%8f%e3%81%ae%e8%ac%9b%e6%bc%94%e4%bc%9a%e3%81%ae%e3%81%8a%e7%9f%a5%e3%82%89%e3%81%9b/,お知らせ,"2010-09-13 11:10:18"
JR奈良駅前　白澤政和氏の講演会,https://www.supercourt.jp/topics/jr%e5%a5%88%e8%89%af%e9%a7%85%e5%89%8d%e3%80%80%e7%99%bd%e6%be%a4%e6%94%bf%e5%92%8c%e6%b0%8f%e3%81%ae%e8%ac%9b%e6%bc%94%e4%bc%9a/,お知らせ,"2010-10-04 10:11:31"
平成23年　新規オープン施設のお知らせ♡,https://www.supercourt.jp/topics/%e5%b9%b3%e6%88%9023%e5%b9%b4%e3%80%80%e6%96%b0%e8%a6%8f%e3%82%aa%e3%83%bc%e3%83%97%e3%83%b3%e6%96%bd%e8%a8%ad%e3%81%ae%e3%81%8a%e7%9f%a5%e3%82%89%e3%81%9b%e2%99%a1/,お知らせ,"2011-06-07 10:51:02"
11月1日オープン施設　事前説明会のお知らせ！！,https://www.supercourt.jp/topics/11%e6%9c%881%e6%97%a5%e3%82%aa%e3%83%bc%e3%83%97%e3%83%b3%e6%96%bd%e8%a8%ad%e3%80%80%e4%ba%8b%e5%89%8d%e8%aa%ac%e6%98%8e%e4%bc%9a%e3%81%ae%e3%81%8a%e7%9f%a5%e3%82%89%e3%81%9b%ef%bc%81%ef%bc%81/,お知らせ,"2011-07-27 14:09:23"
スーパー・コート高石羽衣　★講演会のお知らせ★,https://www.supercourt.jp/topics/%e3%82%b9%e3%83%bc%e3%83%91%e3%83%bc%e3%82%b3%e3%83%bc%e3%83%88%e9%ab%98%e7%9f%b3%e7%be%bd%e8%a1%a3%e3%80%80%e2%98%85%e8%ac%9b%e6%bc%94%e4%bc%9a%e3%81%ae%e3%81%8a%e7%9f%a5%e3%82%89%e3%81%9b%e2%98%85/,お知らせ,"2011-08-18 09:51:28"
スーパー・コート堺白鷺　講演会のお知らせ！！,https://www.supercourt.jp/topics/%e3%82%b9%e3%83%bc%e3%83%91%e3%83%bc%e3%82%b3%e3%83%bc%e3%83%88%e5%a0%ba%e7%99%bd%e9%b7%ba%e3%80%80%e8%ac%9b%e6%bc%94%e4%bc%9a%e3%81%ae%e3%81%8a%e7%9f%a5%e3%82%89%e3%81%9b%ef%bc%81%ef%bc%81/,お知らせ,"2011-11-21 09:39:07"
スーパー・コート茨木沢良宜　説明会のお知らせ,https://www.supercourt.jp/topics/%e3%82%b9%e3%83%bc%e3%83%91%e3%83%bc%e3%82%b3%e3%83%bc%e3%83%88%e8%8c%a8%e6%9c%a8%e6%b2%a2%e8%89%af%e5%ae%9c%e3%80%80%e8%aa%ac%e6%98%8e%e4%bc%9a%e3%81%ae%e3%81%8a%e7%9f%a5%e3%82%89%e3%81%9b/,お知らせ,"2012-01-10 09:44:27"
スーパー・コート高石羽衣　地域支援講演会のお知らせ,https://www.supercourt.jp/topics/%e3%82%b9%e3%83%bc%e3%83%91%e3%83%bc%e3%82%b3%e3%83%bc%e3%83%88%e9%ab%98%e7%9f%b3%e7%be%bd%e8%a1%a3%e3%80%80%e5%9c%b0%e5%9f%9f%e6%94%af%e6%8f%b4%e8%ac%9b%e6%bc%94%e4%bc%9a%e3%81%ae%e3%81%8a%e7%9f%a5/,お知らせ,"2012-02-24 14:50:17"
スーパー・コート茨木さくら通り　認知症サポーター講座開催,https://www.supercourt.jp/topics/%e8%8c%a8%e6%9c%a8%e6%b2%a2%e8%89%af%e5%ae%9c%e3%80%80%e8%aa%8d%e7%9f%a5%e7%97%87%e3%82%b5%e3%83%9d%e3%83%bc%e3%82%bf%e3%83%bc%e8%ac%9b%e5%ba%a7%e9%96%8b%e5%82%ac/,お知らせ,"2012-03-07 14:35:32"
スーパー・コート京・桂＆スーパー・コート川西加茂　講演会,https://www.supercourt.jp/topics/%e3%82%b9%e3%83%bc%e3%83%91%e3%83%bc%e3%82%b3%e3%83%bc%e3%83%88%e4%ba%ac%e3%83%bb%e6%a1%82%ef%bc%86%e3%82%b9%e3%83%bc%e3%83%91%e3%83%bc%e3%82%b3%e3%83%bc%e3%83%88%e5%b7%9d%e8%a5%bf%e5%8a%a0%e8%8c%82-2/,お知らせ,"2012-04-10 11:51:40"
豊中緑地公園（大阪府豊中市）,https://www.supercourt.jp/topics/%e8%b1%8a%e4%b8%ad%e7%b7%91%e5%9c%b0%e5%85%ac%e5%9c%92%ef%bc%88%e5%a4%a7%e9%98%aa%e5%ba%9c%e8%b1%8a%e4%b8%ad%e5%b8%82%ef%bc%89/,お知らせ,"2012-07-11 12:00:33"
高槻（大阪府高槻市）,https://www.supercourt.jp/topics/%e9%ab%98%e6%a7%bb%ef%bc%88%e5%a4%a7%e9%98%aa%e5%ba%9c%e9%ab%98%e6%a7%bb%e5%b8%82%ef%bc%89/,お知らせ,"2012-07-11 11:59:45"
宇治大久保（京都府宇治市）,https://www.supercourt.jp/topics/%e5%ae%87%e6%b2%bb%e5%a4%a7%e4%b9%85%e4%bf%9d%ef%bc%88%e4%ba%ac%e9%83%bd%e5%ba%9c%e5%ae%87%e6%b2%bb%e5%b8%82%ef%bc%89/,お知らせ,"2012-07-11 11:58:23"
長居公園フロント（大阪市東住吉区）,https://www.supercourt.jp/topics/%e9%95%b7%e5%b1%85%e5%85%ac%e5%9c%92%e3%83%95%e3%83%ad%e3%83%b3%e3%83%88%ef%bc%88%e5%a4%a7%e9%98%aa%e5%b8%82%e6%9d%b1%e4%bd%8f%e5%90%89%e5%8c%ba%ef%bc%89/,お知らせ,"2012-08-06 15:03:30"
あやめ池（奈良県奈良市）,https://www.supercourt.jp/topics/%e3%81%82%e3%82%84%e3%82%81%e6%b1%a0%ef%bc%88%e5%a5%88%e8%89%af%e7%9c%8c%e5%a5%88%e8%89%af%e5%b8%82%ef%bc%89/,お知らせ,"2012-09-13 15:53:20"
武庫之荘（兵庫県尼崎市）,https://www.supercourt.jp/topics/%e6%ad%a6%e5%ba%ab%e4%b9%8b%e8%8d%98%ef%bc%88%e5%85%b5%e5%ba%ab%e7%9c%8c%e5%b0%bc%e5%b4%8e%e5%b8%82%ef%bc%89/,お知らせ,"2012-09-27 14:24:18"
吹田山手（大阪府吹田市）,https://www.supercourt.jp/topics/%e5%90%b9%e7%94%b0%e5%b1%b1%e6%89%8b%ef%bc%88%e5%a4%a7%e9%98%aa%e5%ba%9c%e5%90%b9%e7%94%b0%e5%b8%82%ef%bc%89/,お知らせ,"2013-02-08 15:30:11"
豊中桃山台（大阪府豊中市）,https://www.supercourt.jp/topics/%e8%b1%8a%e4%b8%ad%e6%a1%83%e5%b1%b1%e5%8f%b0%ef%bc%88%e5%a4%a7%e9%98%aa%e5%ba%9c%e8%b1%8a%e4%b8%ad%e5%b8%82%ef%bc%89/,お知らせ,"2013-02-08 15:30:21"
東淀川（大阪市東淀川区）,https://www.supercourt.jp/topics/%e6%9d%b1%e6%b7%80%e5%b7%9d%ef%bc%88%e5%a4%a7%e9%98%aa%e5%b8%82%e6%9d%b1%e6%b7%80%e5%b7%9d%e5%8c%ba%ef%bc%89/,お知らせ,"2013-03-06 16:21:42"
スーパー・コートは関西経営品質賞優秀賞を受賞いたしました,https://www.supercourt.jp/topics/%e3%82%b9%e3%83%bc%e3%83%91%e3%83%bc%e3%82%b3%e3%83%bc%e3%83%88%e3%81%af%e6%97%a5%e6%9c%ac%e7%b5%8c%e5%96%b6%e5%93%81%e8%b3%aa%e8%b3%9e%e5%84%aa%e7%a7%80%e8%b3%9e%e3%82%92%e5%8f%97%e8%b3%9e%e3%81%84/,お知らせ,"2013-04-04 09:31:02"
京・西京極（京都市右京区）,https://www.supercourt.jp/topics/%e4%ba%ac%e3%83%bb%e8%a5%bf%e4%ba%ac%e6%a5%b5%ef%bc%88%e4%ba%ac%e9%83%bd%e5%b8%82%e5%8f%b3%e4%ba%ac%e5%8c%ba%ef%bc%89/,お知らせ,"2013-05-31 09:23:20"
石崎賞を受賞いたしました,https://www.supercourt.jp/topics/%e7%9f%b3%e5%b4%8e%e8%b3%9e%e3%82%92%e5%8f%97%e8%b3%9e%e8%87%b4%e3%81%97%e3%81%be%e3%81%97%e3%81%9f%e3%80%82/,お知らせ,"2013-06-28 14:03:58"
東大阪高井田（東大阪市森河内西）,https://www.supercourt.jp/topics/%e6%9d%b1%e5%a4%a7%e9%98%aa%e6%a3%ae%e6%b2%b3%e5%86%85/,お知らせ,"2013-07-24 11:56:05"
京・藤森（京都市伏見区）,https://www.supercourt.jp/topics/%e4%ba%ac%e3%83%bb%e8%97%a4%e6%a3%ae%ef%bc%88%e4%ba%ac%e9%83%bd%e5%ba%9c%e4%bc%8f%e8%a6%8b%e5%8c%ba%ef%bc%89/,お知らせ,"2013-08-26 15:32:03"
千里中央（大阪府豊中市）,https://www.supercourt.jp/topics/%e5%8d%83%e9%87%8c%e4%b8%ad%e5%a4%ae%ef%bc%88%e5%a4%a7%e9%98%aa%e5%ba%9c%e8%b1%8a%e4%b8%ad%e5%b8%82%ef%bc%89/,お知らせ,"2013-08-26 15:31:40"
東大阪新石切（大阪府東大阪市）,https://www.supercourt.jp/topics/%e6%9d%b1%e5%a4%a7%e9%98%aa%e6%96%b0%e7%9f%b3%e5%88%87%ef%bc%88%e5%a4%a7%e9%98%aa%e5%ba%9c%e6%9d%b1%e5%a4%a7%e9%98%aa%e5%b8%82%ef%bc%89/,お知らせ,"2014-02-20 16:18:38"
セミナー開催のお知らせ,https://www.supercourt.jp/topics/%e3%82%bb%e3%83%9f%e3%83%8a%e3%83%bc%e9%96%8b%e5%82%ac%e3%81%ae%e3%81%8a%e7%9f%a5%e3%82%89%e3%81%9b/,お知らせ,"2013-11-29 14:10:05"
無料セミナーのご案内,https://www.supercourt.jp/topics/%e7%84%a1%e6%96%99%e3%82%bb%e3%83%9f%e3%83%8a%e3%83%bc%e3%81%ae%e3%81%94%e6%a1%88%e5%86%85/,お知らせ,"2013-12-07 14:12:16"
認知症サポーター養成講座のお知らせ,https://www.supercourt.jp/topics/%e8%aa%8d%e7%9f%a5%e7%97%87%e3%82%b5%e3%83%9d%e3%83%bc%e3%82%bf%e3%83%bc%e9%a4%8a%e6%88%90%e8%ac%9b%e5%ba%a7%e3%81%ae%e3%81%8a%e7%9f%a5%e3%82%89%e3%81%9b/,お知らせ,"2013-12-12 11:56:32"
"スーパー・コート 京・西京極　無料セミナーのご案内",https://www.supercourt.jp/topics/%e3%82%b9%e3%83%bc%e3%83%91%e3%83%bc%e3%83%bb%e3%82%b3%e3%83%bc%e3%83%88-%e4%ba%ac%e3%83%bb%e8%a5%bf%e4%ba%ac%e6%a5%b5%e3%80%80%e7%84%a1%e6%96%99%e3%82%bb%e3%83%9f%e3%83%8a%e3%83%bc%e3%81%ae%e3%81%94/,お知らせ,"2013-12-24 13:30:10"
スーパー・コート東住吉２号館　無料セミナー開催のお知らせ,https://www.supercourt.jp/topics/%e3%82%b9%e3%83%bc%e3%83%91%e3%83%bc%e3%83%bb%e3%82%b3%e3%83%bc%e3%83%88%e6%9d%b1%e4%bd%8f%e5%90%89%ef%bc%92%e5%8f%b7%e9%a4%a8%e3%80%80%e7%84%a1%e6%96%99%e3%82%bb%e3%83%9f%e3%83%8a%e3%83%bc%e9%96%8b/,お知らせ,"2014-05-20 14:03:40"
24時間看護職員常駐・重度医療フロア開設いたしました,https://www.supercourt.jp/topics/24%e6%99%82%e9%96%93%e7%9c%8b%e8%ad%b7%e8%81%b7%e5%93%a1%e5%b8%b8%e9%a7%90%e3%83%bb%e9%87%8d%e5%ba%a6%e5%8c%bb%e7%99%82%e3%83%95%e3%83%ad%e3%82%a2%e9%96%8b%e8%a8%ad%e3%81%84%e3%81%9f%e3%81%97%e3%81%be/,お知らせ,"2014-06-06 18:29:49"
兵庫エリア料金改定のお知らせ,https://www.supercourt.jp/topics/%e5%85%b5%e5%ba%ab%e3%82%a8%e3%83%aa%e3%82%a2%e6%96%99%e9%87%91%e6%94%b9%e5%ae%9a%e3%81%ae%e3%81%8a%e7%9f%a5%e3%82%89%e3%81%9b/,お知らせ,"2014-06-10 16:33:22"
"スーパー・コート 箕面小野原　無料セミナーのご案内",https://www.supercourt.jp/topics/%e3%82%b9%e3%83%bc%e3%83%91%e3%83%bc%e3%83%bb%e3%82%b3%e3%83%bc%e3%83%88-%e7%ae%95%e9%9d%a2%e5%b0%8f%e9%87%8e%e5%8e%9f%e3%80%80%e7%84%a1%e6%96%99%e3%82%bb%e3%83%9f%e3%83%8a%e3%83%bc%e3%81%ae%e3%81%94/,お知らせ,"2014-06-12 17:47:44"
スーパー・コート平野　無料セミナーのお知らせ,https://www.supercourt.jp/topics/%e3%82%b9%e3%83%bc%e3%83%91%e3%83%bc%e3%83%bb%e3%82%b3%e3%83%bc%e3%83%88%e5%b9%b3%e9%87%8e%e3%80%80%e7%84%a1%e6%96%99%e8%ac%9b%e6%bc%94%e4%bc%9a%e3%81%ae%e3%81%8a%e7%9f%a5%e3%82%89%e3%81%9b/,お知らせ,"2014-06-13 10:47:08"
スーパー・コート南花屋敷　7月無料セミナーのお知らせ,https://www.supercourt.jp/topics/%e3%82%b9%e3%83%bc%e3%83%91%e3%83%bc%e3%83%bb%e3%82%b3%e3%83%bc%e3%83%88%e5%8d%97%e8%8a%b1%e5%b1%8b%e6%95%b7%e3%80%807%e6%9c%88%e7%84%a1%e6%96%99%e3%82%bb%e3%83%9f%e3%83%8a%e3%83%bc%e3%81%ae%e3%81%8a/,お知らせ,"2014-06-18 15:17:33"
スーパー・コート堺神石　認知症サポーター養成講座のお知らせ,https://www.supercourt.jp/topics/%e3%82%b9%e3%83%bc%e3%83%91%e3%83%bc%e3%83%bb%e3%82%b3%e3%83%bc%e3%83%88%e5%a0%ba%e7%a5%9e%e7%9f%b3%e3%80%80%e8%aa%8d%e7%9f%a5%e7%97%87%e3%82%b5%e3%83%9d%e3%83%bc%e3%82%bf%e3%83%bc%e9%a4%8a%e6%88%90/,お知らせ,"2014-06-22 12:49:49"
スーパー・コート八尾　7月無料セミナーのお知らせ,https://www.supercourt.jp/topics/%e3%82%b9%e3%83%bc%e3%83%91%e3%83%bc%e3%83%bb%e3%82%b3%e3%83%bc%e3%83%88%e5%85%ab%e5%b0%be%e3%80%807%e6%9c%88%e7%84%a1%e6%96%99%e3%82%bb%e3%83%9f%e3%83%8a%e3%83%bc%e3%81%ae%e3%81%8a%e7%9f%a5%e3%82%89/,お知らせ,"2014-07-03 09:24:46"
スーパー・コート平野喜連　7月「介護予防支援教室」のお知らせ,https://www.supercourt.jp/topics/%e3%82%b9%e3%83%bc%e3%83%91%e3%83%bc%e3%83%bb%e3%82%b3%e3%83%bc%e3%83%88%e5%b9%b3%e9%87%8e%e5%96%9c%e9%80%a3%e3%80%807%e6%9c%88%e3%80%8c%e4%bb%8b%e8%ad%b7%e4%ba%88%e9%98%b2%e6%94%af%e6%8f%b4%e6%95%99/,お知らせ,"2014-07-07 10:35:21"
"参加費無料！！スーパー・コート 京・西京極　7月セミナーのご案内",https://www.supercourt.jp/topics/%e3%82%b9%e3%83%bc%e3%83%91%e3%83%bc%e3%83%bb%e3%82%b3%e3%83%bc%e3%83%88-%e4%ba%ac%e3%83%bb%e8%a5%bf%e4%ba%ac%e6%a5%b5%e3%80%807%e6%9c%88%e3%82%bb%e3%83%9f%e3%83%8a%e3%83%bc%e3%81%ae%e3%81%94%e6%a1%88/,お知らせ,"2014-07-15 17:16:22"
熱中症対策！！,https://www.supercourt.jp/topics/%e7%86%b1%e4%b8%ad%e7%97%87%e5%af%be%e7%ad%96%ef%bc%81%ef%bc%81/,お知らせ,"2014-08-02 13:26:29"
京都エリア料金改定のお知らせ,https://www.supercourt.jp/topics/%e4%ba%ac%e9%83%bd%e3%82%a8%e3%83%aa%e3%82%a2%e6%96%99%e9%87%91%e6%94%b9%e5%ae%9a%e3%81%ae%e3%81%8a%e7%9f%a5%e3%82%89%e3%81%9b/,お知らせ,"2014-07-24 15:29:20"
平成26年12月　新規オープン施設のお知らせ♡,https://www.supercourt.jp/topics/%e5%b9%b3%e6%88%9026%e5%b9%b412%e6%9c%88%e3%80%80%e6%96%b0%e8%a6%8f%e3%82%aa%e3%83%bc%e3%83%97%e3%83%b3%e6%96%bd%e8%a8%ad%e3%81%ae%e3%81%8a%e7%9f%a5%e3%82%89%e3%81%9b%e2%99%a1/,お知らせ,"2014-07-30 11:35:53"
"参加費無料！！スーパー・コート 堺白鷺　セミナー開催",https://www.supercourt.jp/topics/%e5%8f%82%e5%8a%a0%e8%b2%bb%e7%84%a1%e6%96%99%ef%bc%81%ef%bc%81%e3%82%b9%e3%83%bc%e3%83%91%e3%83%bc%e3%83%bb%e3%82%b3%e3%83%bc%e3%83%88-%e5%a0%ba%e7%99%bd%e9%b7%ba%e3%80%80%e3%82%bb%e3%83%9f-2/,お知らせ,"2014-08-06 09:30:11"
"参加費無料！！スーパー・コート 東大阪みと　セミナー開催",https://www.supercourt.jp/topics/%e5%8f%82%e5%8a%a0%e8%b2%bb%e7%84%a1%e6%96%99%ef%bc%81%ef%bc%81%e3%82%b9%e3%83%bc%e3%83%91%e3%83%bc%e3%83%bb%e3%82%b3%e3%83%bc%e3%83%88-%e6%9d%b1%e5%a4%a7%e9%98%aa%e3%81%bf%e3%81%a8%e3%80%80-2/,お知らせ,"2014-08-05 09:30:38"
参加費無料！！スーパー・コート平野喜連　8月「介護予防支援教室」,https://www.supercourt.jp/topics/%e5%8f%82%e5%8a%a0%e8%b2%bb%e7%84%a1%e6%96%99%ef%bc%81%ef%bc%81%e3%82%b9%e3%83%bc%e3%83%91%e3%83%bc%e3%83%bb%e3%82%b3%e3%83%bc%e3%83%88%e5%b9%b3%e9%87%8e%e5%96%9c%e9%80%a3%e3%80%808%e6%9c%88%e3%80%8c/,お知らせ,"2014-08-04 09:30:59"
京・六地蔵（京都市伏見区）,https://www.supercourt.jp/topics/%e4%ba%ac%e3%83%bb%e5%85%ad%e5%9c%b0%e8%94%b5%ef%bc%88%e4%ba%ac%e9%83%bd%e5%ba%9c%e4%ba%ac%e9%83%bd%e5%b8%82%ef%bc%89/,お知らせ,"2014-08-27 14:43:51"
スーパー・コート京・藤森/スーパー・コート宇治大久保　料金改定のお知らせ,https://www.supercourt.jp/topics/%e3%82%b9%e3%83%bc%e3%83%91%e3%83%bc%e3%83%bb%e3%82%b3%e3%83%bc%e3%83%88%e4%ba%ac%e3%83%bb%e8%97%a4%e6%a3%ae%e3%82%b9%e3%83%bc%e3%83%91%e3%83%bc%e3%83%bb%e3%82%b3%e3%83%bc%e3%83%88%e5%ae%87%e6%b2%bb/,お知らせ,"2014-09-01 09:00:58"
新規施設　スーパー・コート京・六地蔵　ＨＰ開設しました♪,https://www.supercourt.jp/topics/%e6%96%b0%e8%a6%8f%e6%96%bd%e8%a8%ad%e3%80%80%e3%82%b9%e3%83%bc%e3%83%91%e3%83%bc%e3%83%bb%e3%82%b3%e3%83%bc%e3%83%88%e4%ba%ac%e3%83%bb%e5%85%ad%e5%9c%b0%e8%94%b5%e3%80%80%ef%bd%88%ef%bd%90%e9%96%8b/,お知らせ,"2014-08-29 11:00:30"
スーパー・コート　★施設限定★家具付きの居室　登場！！,https://www.supercourt.jp/topics/%e3%82%b9%e3%83%bc%e3%83%91%e3%83%bc%e3%83%bb%e3%82%b3%e3%83%bc%e3%83%88%e3%80%80%e2%98%85%e6%96%bd%e8%a8%ad%e9%99%90%e5%ae%9a%e2%98%85%e5%ae%b6%e5%85%b7%e4%bb%98%e3%81%8d%e3%81%ae%e5%b1%85%e5%ae%a4/,お知らせ,"2014-09-08 10:00:43"
"新規オープン　スーパー・コート 京・六地蔵　事前説明会開催のお知らせ♪",https://www.supercourt.jp/topics/%e6%96%b0%e8%a6%8f%e3%82%aa%e3%83%bc%e3%83%97%e3%83%b3%e3%80%80%e3%82%b9%e3%83%bc%e3%83%91%e3%83%bc%e3%83%bb%e3%82%b3%e3%83%bc%e3%83%88-%e4%ba%ac%e3%83%bb%e5%85%ad%e5%9c%b0%e8%94%b5%e3%80%80%e4%ba%8b/,お知らせ,"2014-09-17 16:00:49"
スーパー・コート　よくあるご質問について,https://www.supercourt.jp/topics/%e3%82%b9%e3%83%bc%e3%83%91%e3%83%bc%e3%83%bb%e3%82%b3%e3%83%bc%e3%83%88%e3%80%80%e3%82%88%e3%81%8f%e3%81%82%e3%82%8b%e3%81%94%e8%b3%aa%e5%95%8f%e3%81%ab%e3%81%a4%e3%81%84%e3%81%a6/,お知らせ,"2014-09-12 19:55:56"
参加費無料！　スーパー・コート猪名寺　セミナーのお知らせ　,https://www.supercourt.jp/topics/%e5%8f%82%e5%8a%a0%e8%b2%bb%e7%84%a1%e6%96%99%ef%bc%81%e3%80%80%e3%82%b9%e3%83%bc%e3%83%91%e3%83%bc%e3%83%bb%e3%82%b3%e3%83%bc%e3%83%88%e7%8c%aa%e5%90%8d%e5%af%ba%e3%80%80%e3%82%bb%e3%83%9f%e3%83%8a/,お知らせ,"2014-09-28 09:00:05"
参加費無料！　スーパー・コート八尾　セミナーのお知らせ　,https://www.supercourt.jp/topics/%e5%8f%82%e5%8a%a0%e8%b2%bb%e7%84%a1%e6%96%99%ef%bc%81%e3%80%80%e3%82%b9%e3%83%bc%e3%83%91%e3%83%bc%e3%83%bb%e3%82%b3%e3%83%bc%e3%83%88%e5%85%ab%e5%b0%be%e3%80%80%e3%82%bb%e3%83%9f%e3%83%8a%e3%83%bc/,お知らせ,"2014-09-25 09:00:59"
ハートフル企業チャレンジ応援賞を受賞いたしました！,https://www.supercourt.jp/topics/%e3%83%8f%e3%83%bc%e3%83%88%e3%83%95%e3%83%ab%e4%bc%81%e6%a5%ad%e3%83%81%e3%83%a3%e3%83%ac%e3%83%b3%e3%82%b8%e5%bf%9c%e6%8f%b4%e8%b3%9e%e3%82%92%e5%8f%97%e8%b3%9e%e3%81%84%e3%81%9f%e3%81%97%e3%81%be/,お知らせ,"2014-09-22 09:00:16"
12月1日オープン　スーパー・コート京・六地蔵～事業所様向け～説明会開催,https://www.supercourt.jp/topics/12%e6%9c%881%e6%97%a5%e3%82%aa%e3%83%bc%e3%83%97%e3%83%b3%e3%80%80%e3%82%b9%e3%83%bc%e3%83%91%e3%83%bc%e3%83%bb%e3%82%b3%e3%83%bc%e3%83%88%e4%ba%ac%e3%83%bb%e5%85%ad%e5%9c%b0%e8%94%b5%ef%bd%9e/,お知らせ,"2014-10-12 09:00:03"
スーパー・コート高石羽衣　高齢者運動トレーニング導入のお知らせ♪,https://www.supercourt.jp/topics/%e3%82%b9%e3%83%bc%e3%83%91%e3%83%bc%e3%83%bb%e3%82%b3%e3%83%bc%e3%83%88%e9%ab%98%e7%9f%b3%e7%be%bd%e8%a1%a3%e3%80%80%e9%ab%98%e9%bd%a2%e8%80%85%e9%81%8b%e5%8b%95%e3%83%88%e3%83%ac%e3%83%bc%e3%83%8b/,お知らせ,"2014-10-09 09:25:37"
参加費無料　スーパー・コート平野　高齢者筋力向上トレーニング講演会開催,https://www.supercourt.jp/topics/%e5%8f%82%e5%8a%a0%e8%b2%bb%e7%84%a1%e6%96%99%e3%80%80%e3%82%b9%e3%83%bc%e3%83%91%e3%83%bc%e3%83%bb%e3%82%b3%e3%83%bc%e3%83%88%e5%b9%b3%e9%87%8e%e3%80%80%e9%ab%98%e9%bd%a2%e8%80%85%e7%ad%8b%e5%8a%9b/,お知らせ,"2014-10-16 16:00:57"
参加費無料！　スーパー・コートＪＲ奈良駅前　セミナーのお知らせ　,https://www.supercourt.jp/topics/%e5%8f%82%e5%8a%a0%e8%b2%bb%e7%84%a1%e6%96%99%ef%bc%81%e3%80%80%e3%82%b9%e3%83%bc%e3%83%91%e3%83%bc%e3%83%bb%e3%82%b3%e3%83%bc%e3%83%88%ef%bd%8a%ef%bd%92%e5%a5%88%e8%89%af%e9%a7%85%e5%89%8d%e3%80%80/,お知らせ,"2014-11-04 14:28:04"
スーパー・コート八尾　天然温泉に週6日ご入浴できます♨,https://www.supercourt.jp/topics/%e3%82%b9%e3%83%bc%e3%83%91%e3%83%bc%e3%83%bb%e3%82%b3%e3%83%bc%e3%83%88%e5%85%ab%e5%b0%be%e3%80%80%e5%a4%a9%e7%84%b6%e6%b8%a9%e6%b3%89%e3%81%ab%e9%80%b16%e6%97%a5%e3%81%94%e5%85%a5%e6%b5%b4%e3%81%a7/,お知らせ,"2014-11-11 09:00:23"
スーパー・コート平野　～施設でのレクリエーションのご紹介～,https://www.supercourt.jp/topics/%e3%82%b9%e3%83%bc%e3%83%91%e3%83%bc%e3%83%bb%e3%82%b3%e3%83%bc%e3%83%88%e5%b9%b3%e9%87%8e%e3%80%80%ef%bd%9e%e6%96%bd%e8%a8%ad%e3%81%a7%e3%81%ae%e3%83%ac%e3%82%af%e3%83%aa%e3%82%a8%e3%83%bc%e3%82%b7/,お知らせ,"2014-11-17 09:00:17"
参加費無料！！スーパー・コート平野喜連12月「介護予防支援教室」,https://www.supercourt.jp/topics/%e5%8f%82%e5%8a%a0%e8%b2%bb%e7%84%a1%e6%96%99%ef%bc%81%ef%bc%81%e3%82%b9%e3%83%bc%e3%83%91%e3%83%bc%e3%83%bb%e3%82%b3%e3%83%bc%e3%83%88%e5%b9%b3%e9%87%8e%e5%96%9c%e9%80%a312%e6%9c%88%e3%80%8c%e4%bb%8b/,お知らせ,"2014-11-30 09:00:49"
【参加費無料】　スーパー・コート堺神石2号館　セミナー開催,https://www.supercourt.jp/topics/%e3%80%90%e5%8f%82%e5%8a%a0%e8%b2%bb%e7%84%a1%e6%96%99%e3%80%91%e3%80%80%e3%82%b9%e3%83%bc%e3%83%91%e3%83%bc%e3%83%bb%e3%82%b3%e3%83%bc%e3%83%88%e5%a0%ba%e7%a5%9e%e7%9f%b32%e5%8f%b7%e9%a4%a8%e3%80%80/,お知らせ,"2014-12-09 15:20:19"
無料体験入居キャンペーン♪,https://www.supercourt.jp/topics/%e7%84%a1%e6%96%99%e4%bd%93%e9%a8%93%e5%85%a5%e5%b1%85%e3%82%ad%e3%83%a3%e3%83%b3%e3%83%9a%e3%83%bc%e3%83%b3%e2%99%aa/,お知らせ,"2014-12-06 17:14:09"
スーパー・コート平野喜連　～入居金0円～,https://www.supercourt.jp/topics/%e3%82%b9%e3%83%bc%e3%83%91%e3%83%bc%e3%83%bb%e3%82%b3%e3%83%bc%e3%83%88%e5%b9%b3%e9%87%8e%e5%96%9c%e9%80%a3%e3%80%80%ef%bd%9e%e5%85%a5%e5%b1%85%e9%87%910%e5%86%86%ef%bd%9e/,お知らせ,"2014-12-23 13:33:57"
感染症注意報～正しい手洗い・うがい方法～,https://www.supercourt.jp/topics/%e6%84%9f%e6%9f%93%e7%97%87%e6%b3%a8%e6%84%8f%e5%a0%b1%ef%bd%9e%e6%ad%a3%e3%81%97%e3%81%84%e6%89%8b%e6%b4%97%e3%81%84%e3%83%bb%e3%81%86%e3%81%8c%e3%81%84%e6%96%b9%e6%b3%95%ef%bd%9e/,お知らせ,"2014-12-29 16:50:29"
スーパー・コート高石羽衣　～認知症サポーター養成講座～,https://www.supercourt.jp/topics/%e3%82%b9%e3%83%bc%e3%83%91%e3%83%bc%e3%83%bb%e3%82%b3%e3%83%bc%e3%83%88%e9%ab%98%e7%9f%b3%e7%be%bd%e8%a1%a3%e3%80%80%ef%bd%9e%e8%aa%8d%e7%9f%a5%e7%97%87%e3%82%b5%e3%83%9d%e3%83%bc%e3%82%bf%e3%83%bc/,お知らせ,"2015-01-12 09:00:01"
スーパー・コート堺白鷺　～認知症サポーター養成講座～,https://www.supercourt.jp/topics/%e3%82%b9%e3%83%bc%e3%83%91%e3%83%bc%e3%83%bb%e3%82%b3%e3%83%bc%e3%83%88%e5%a0%ba%e7%99%bd%e9%b7%ba%e3%80%80%ef%bd%9e%e8%aa%8d%e7%9f%a5%e7%97%87%e3%82%b5%e3%83%9d%e3%83%bc%e3%82%bf%e3%83%bc%e9%a4%8a/,お知らせ,"2015-01-16 09:00:33"
無料セミナーのご案内　スーパー・コート平野／スーパー・コート堺,https://www.supercourt.jp/topics/%e7%84%a1%e6%96%99%e3%82%bb%e3%83%9f%e3%83%8a%e3%83%bc%e3%81%ae%e3%81%94%e6%a1%88%e5%86%85%e3%80%80%e3%82%b9%e3%83%bc%e3%83%91%e3%83%bc%e3%83%bb%e3%82%b3%e3%83%bc%e3%83%88%e5%b9%b3%e9%87%8e%ef%bc%8f/,お知らせ,"2015-01-19 09:00:18"
スーパー・コート京・六地蔵　～機能訓練について～,https://www.supercourt.jp/topics/%e3%82%b9%e3%83%bc%e3%83%91%e3%83%bc%e3%83%bb%e3%82%b3%e3%83%bc%e3%83%88%e4%ba%ac%e3%83%bb%e5%85%ad%e5%9c%b0%e8%94%b5%e3%80%80%ef%bd%9e%e6%a9%9f%e8%83%bd%e8%a8%93%e7%b7%b4%e3%81%ab%e3%81%a4%e3%81%84/,お知らせ,"2015-01-26 09:00:26"
高槻城内（高槻市城内町）,https://www.supercourt.jp/topics/%e9%ab%98%e6%a7%bb%e5%9f%8e%e5%86%85%ef%bc%88%e9%ab%98%e6%a7%bb%e5%b8%82%e5%9f%8e%e5%86%85%e7%94%ba%ef%bc%89/,お知らせ,"2015-02-03 16:32:52"
スーパー・コート東大阪森河内からのお知らせ,https://www.supercourt.jp/topics/%e3%82%b9%e3%83%bc%e3%83%91%e3%83%bc%e3%83%bb%e3%82%b3%e3%83%bc%e3%83%88%e6%9d%b1%e5%a4%a7%e9%98%aa%e6%a3%ae%e6%b2%b3%e5%86%85%e3%81%8b%e3%82%89%e3%81%ae%e3%81%8a%e7%9f%a5%e3%82%89%e3%81%9b/,お知らせ,"2015-02-01 11:29:05"
無料体験入居キャンペーン♪～期間延長～,https://www.supercourt.jp/topics/%e7%84%a1%e6%96%99%e4%bd%93%e9%a8%93%e5%85%a5%e5%b1%85%e3%82%ad%e3%83%a3%e3%83%b3%e3%83%9a%e3%83%bc%e3%83%b3%e2%99%aa%ef%bd%9e%e6%9c%9f%e9%96%93%e5%bb%b6%e9%95%b7%ef%bd%9e/,お知らせ,"2015-02-05 10:28:26"
新規オープン　スーパー・コート高槻城内　事前説明会開催のお知らせ♪,https://www.supercourt.jp/topics/%e6%96%b0%e8%a6%8f%e3%82%aa%e3%83%bc%e3%83%97%e3%83%b3%e3%80%80%e3%82%b9%e3%83%bc%e3%83%91%e3%83%bc%e3%83%bb%e3%82%b3%e3%83%bc%e3%83%88%e9%ab%98%e6%a7%bb%e5%9f%8e%e5%86%85%e3%80%80%e4%ba%8b%e5%89%8d/,お知らせ,"2015-02-20 11:21:53"
一般社団法人日本介護事業連合会設立総会のご案内,https://www.supercourt.jp/topics/%e4%b8%80%e8%88%ac%e7%a4%be%e5%9b%a3%e6%b3%95%e4%ba%ba%e6%97%a5%e6%9c%ac%e4%bb%8b%e8%ad%b7%e4%ba%8b%e6%a5%ad%e9%80%a3%e5%90%88%e4%bc%9a%e8%a8%ad%e7%ab%8b%e7%b7%8f%e4%bc%9a%e3%81%ae%e3%81%94%e6%a1%88/,お知らせ,"2015-02-23 09:00:02"
無料セミナーのご案内　スーパー・コート八尾／スーパー・コート東住吉2号館,https://www.supercourt.jp/topics/%e7%84%a1%e6%96%99%e3%82%bb%e3%83%9f%e3%83%8a%e3%83%bc%e3%81%ae%e3%81%94%e6%a1%88%e5%86%85%e3%80%80%e3%82%b9%e3%83%bc%e3%83%91%e3%83%bc%e3%83%bb%e3%82%b3%e3%83%bc%e3%83%88%e5%85%ab%e5%b0%be%ef%bc%8f/,お知らせ,"2015-03-14 12:06:48"
スーパー・コート八尾　～認知症サポーター養成講座～,https://www.supercourt.jp/topics/%e3%82%b9%e3%83%bc%e3%83%91%e3%83%bc%e3%83%bb%e3%82%b3%e3%83%bc%e3%83%88%e5%85%ab%e5%b0%be%e3%80%80%ef%bd%9e%e8%aa%8d%e7%9f%a5%e7%97%87%e3%82%b5%e3%83%9d%e3%83%bc%e3%82%bf%e3%83%bc%e9%a4%8a%e6%88%90/,お知らせ,"2015-03-18 09:00:42"
無料セミナー　新規オープン　スーパー・コート高槻城内,https://www.supercourt.jp/topics/%e7%84%a1%e6%96%99%e3%82%bb%e3%83%9f%e3%83%8a%e3%83%bc%e3%80%80%e6%96%b0%e8%a6%8f%e3%82%aa%e3%83%bc%e3%83%97%e3%83%b3%e3%80%80%e3%82%b9%e3%83%bc%e3%83%91%e3%83%bc%e3%83%bb%e3%82%b3%e3%83%bc%e3%83%88/,お知らせ,"2015-03-22 09:00:21"
参加費無料　スーパー・コート茨木さくら通り　　　　　　　　～認知症サポーター養成講座～,https://www.supercourt.jp/topics/%e5%8f%82%e5%8a%a0%e8%b2%bb%e7%84%a1%e6%96%99%e3%80%80%e3%82%b9%e3%83%bc%e3%83%91%e3%83%bc%e3%83%bb%e3%82%b3%e3%83%bc%e3%83%88%e8%8c%a8%e6%9c%a8%e3%81%95%e3%81%8f%e3%82%89%e9%80%9a%e3%82%8a%e3%80%80/,お知らせ,"2016-08-15 09:00:16"
【参加費無料】　スーパー・コート堺白鷺　セミナー開催,https://www.supercourt.jp/topics/%e3%80%90%e5%8f%82%e5%8a%a0%e8%b2%bb%e7%84%a1%e6%96%99%e3%80%91%e3%80%80%e3%82%b9%e3%83%bc%e3%83%91%e3%83%bc%e3%83%bb%e3%82%b3%e3%83%bc%e3%83%88%e5%a0%ba%e7%99%bd%e9%b7%ba%e3%80%80%e3%82%bb%e3%83%9f/,お知らせ,"2015-04-10 09:00:59"
スーパー・コート高槻城内　～認知症サポーター養成講座～,https://www.supercourt.jp/topics/%e3%82%b9%e3%83%bc%e3%83%91%e3%83%bc%e3%83%bb%e3%82%b3%e3%83%bc%e3%83%88%e9%ab%98%e6%a7%bb%e5%9f%8e%e5%86%85%e3%80%80%ef%bd%9e%e8%aa%8d%e7%9f%a5%e7%97%87%e3%82%b5%e3%83%9d%e3%83%bc%e3%82%bf%e3%83%bc/,お知らせ,"2015-04-15 09:00:51"
SC-FIT(リハビリプログラム)導入施設拡大中♪　,https://www.supercourt.jp/topics/sc-fit%e3%83%aa%e3%83%8f%e3%83%93%e3%83%aa%e3%83%97%e3%83%ad%e3%82%b0%e3%83%a9%e3%83%a0%e5%b0%8e%e5%85%a5%e6%96%bd%e8%a8%ad%e6%8b%a1%e5%a4%a7%e4%b8%ad%e2%99%aa%e3%80%80/,お知らせ,"2015-05-04 09:22:43"
スーパー・コート門真　～認知症サポーター養成講座～,https://www.supercourt.jp/topics/%e3%82%b9%e3%83%bc%e3%83%91%e3%83%bc%e3%83%bb%e3%82%b3%e3%83%bc%e3%83%88%e9%96%80%e7%9c%9f%e3%80%80%ef%bd%9e%e8%aa%8d%e7%9f%a5%e7%97%87%e3%82%b5%e3%83%9d%e3%83%bc%e3%82%bf%e3%83%bc%e9%a4%8a%e6%88%90/,お知らせ,"2015-05-11 08:45:32"
続　SC-FIT(リハビリプログラム)導入施設拡大中♪　,https://www.supercourt.jp/topics/%e7%b6%9a%e3%80%80sc-fit%e3%83%aa%e3%83%8f%e3%83%93%e3%83%aa%e3%83%97%e3%83%ad%e3%82%b0%e3%83%a9%e3%83%a0%e5%b0%8e%e5%85%a5%e6%96%bd%e8%a8%ad%e6%8b%a1%e5%a4%a7%e4%b8%ad%e2%99%aa%e3%80%80/,お知らせ,"2015-05-18 08:45:33"
"【参加費無料】　スーパー・コート堺神石 セミナー開催",https://www.supercourt.jp/topics/%e3%80%90%e5%8f%82%e5%8a%a0%e8%b2%bb%e7%84%a1%e6%96%99%e3%80%91%e3%80%80%e3%82%b9%e3%83%bc%e3%83%91%e3%83%bc%e3%83%bb%e3%82%b3%e3%83%bc%e3%83%88%e5%a0%ba%e7%a5%9e%e7%9f%b3-%e3%82%bb%e3%83%9f%e3%83%8a/,お知らせ,"2015-06-11 09:00:59"
スーパー・コート東大阪高井田　～認知症サポーター養成講座～,https://www.supercourt.jp/topics/%e3%82%b9%e3%83%bc%e3%83%91%e3%83%bc%e3%83%bb%e3%82%b3%e3%83%bc%e3%83%88%e6%9d%b1%e5%a4%a7%e9%98%aa%e9%ab%98%e4%ba%95%e7%94%b0%e3%80%80%ef%bd%9e%e8%aa%8d%e7%9f%a5%e7%97%87%e3%82%b5%e3%83%9d%e3%83%bc/,お知らせ,"2015-06-15 13:10:40"
京・四条大宮　介護相談会のお知らせ,https://www.supercourt.jp/topics/%e4%ba%ac%e3%83%bb%e5%9b%9b%e6%9d%a1%e5%a4%a7%e5%ae%ae%e3%80%80%e4%bb%8b%e8%ad%b7%e7%9b%b8%e8%ab%87%e4%bc%9a%e3%81%ae%e3%81%8a%e7%9f%a5%e3%82%89%e3%81%9b/,お知らせ,"2015-06-28 17:00:48"
新規オープン　スーパー・コート今里　事前説明会開催のお知らせ♪,https://www.supercourt.jp/topics/%e6%96%b0%e8%a6%8f%e3%82%aa%e3%83%bc%e3%83%97%e3%83%b3%e3%80%80%e3%82%b9%e3%83%bc%e3%83%91%e3%83%bc%e3%83%bb%e3%82%b3%e3%83%bc%e3%83%88%e4%bb%8a%e9%87%8c%e3%80%80%e4%ba%8b%e5%89%8d%e8%aa%ac%e6%98%8e/,お知らせ,"2015-07-27 14:04:04"
10月1日新規オープン　スーパー・コート今里,https://www.supercourt.jp/topics/10%e6%9c%881%e6%97%a5%e6%96%b0%e8%a6%8f%e3%82%aa%e3%83%bc%e3%83%97%e3%83%b3%e3%80%80%e3%82%b9%e3%83%bc%e3%83%91%e3%83%bc%e3%83%bb%e3%82%b3%e3%83%bc%e3%83%88%e4%bb%8a%e9%87%8c/,お知らせ,"2015-08-29 09:16:26"
新規施設　スーパー・コート今里　無料試食会のお知らせ,https://www.supercourt.jp/topics/%e6%96%b0%e8%a6%8f%e6%96%bd%e8%a8%ad%e3%80%80%e3%82%b9%e3%83%bc%e3%83%91%e3%83%bc%e3%83%bb%e3%82%b3%e3%83%bc%e3%83%88%e4%bb%8a%e9%87%8c%e3%80%80%e7%84%a1%e6%96%99%e8%a9%a6%e9%a3%9f%e4%bc%9a%e3%81%ae/,お知らせ,"2015-10-09 10:00:21"
参加無料　スーパー・コート平野　あい～と　説明会＆試食会のお知らせ,https://www.supercourt.jp/topics/%e5%8f%82%e5%8a%a0%e7%84%a1%e6%96%99%e3%80%80%e3%82%b9%e3%83%bc%e3%83%91%e3%83%bc%e3%83%bb%e3%82%b3%e3%83%bc%e3%83%88%e5%b9%b3%e9%87%8e%e3%80%80%e3%81%82%e3%81%84%ef%bd%9e%e3%81%a8%e3%80%80%e8%aa%ac/,お知らせ,"2015-10-12 09:00:15"
【参加費無料】　スーパー・コート今里　セミナー開催,https://www.supercourt.jp/topics/%e3%80%90%e5%8f%82%e5%8a%a0%e8%b2%bb%e7%84%a1%e6%96%99%e3%80%91%e3%80%80%e3%82%b9%e3%83%bc%e3%83%91%e3%83%bc%e3%83%bb%e3%82%b3%e3%83%bc%e3%83%88%e4%bb%8a%e9%87%8c%e3%80%80%e3%82%bb%e3%83%9f%e3%83%8a/,お知らせ,"2015-10-29 12:51:38"
スーパー・コート今里　～認知症サポーター養成講座～,https://www.supercourt.jp/topics/%e3%82%b9%e3%83%bc%e3%83%91%e3%83%bc%e3%83%bb%e3%82%b3%e3%83%bc%e3%83%88%e4%bb%8a%e9%87%8c%e3%80%80%ef%bd%9e%e8%aa%8d%e7%9f%a5%e7%97%87%e3%82%b5%e3%83%9d%e3%83%bc%e3%82%bf%e3%83%bc%e9%a4%8a%e6%88%90/,お知らせ,"2016-01-04 09:00:33"
スーパー・コート今里　無料！半日体験のお知らせ♪,https://www.supercourt.jp/topics/%e3%82%b9%e3%83%bc%e3%83%91%e3%83%bc%e3%83%bb%e3%82%b3%e3%83%bc%e3%83%88%e4%bb%8a%e9%87%8c%e3%80%80%e7%84%a1%e6%96%99%ef%bc%81%e5%8d%8a%e6%97%a5%e4%bd%93%e9%a8%93%e3%81%ae%e3%81%8a%e7%9f%a5%e3%82%89/,お知らせ,"2016-01-08 10:00:48"
【参加費無料】　スーパー・コート高石羽衣　セミナー開催,https://www.supercourt.jp/topics/%e3%80%90%e5%8f%82%e5%8a%a0%e8%b2%bb%e7%84%a1%e6%96%99%e3%80%91%e3%80%80%e3%82%b9%e3%83%bc%e3%83%91%e3%83%bc%e3%83%bb%e3%82%b3%e3%83%bc%e3%83%88%e9%ab%98%e7%9f%b3%e7%be%bd%e8%a1%a3%e3%80%80%e3%82%bb/,お知らせ,"2016-01-15 09:00:45"
スーパー・コート　取り組みのご案内　,https://www.supercourt.jp/topics/%e3%82%b9%e3%83%bc%e3%83%91%e3%83%bc%e3%83%bb%e3%82%b3%e3%83%bc%e3%83%88%e3%80%80%e5%8f%96%e3%82%8a%e7%b5%84%e3%81%bf%e3%81%ae%e3%81%94%e6%a1%88%e5%86%85%e3%80%80/,お知らせ,"2016-02-03 09:00:54"
スーパー・コート京・西京極　～認知症サポーター養成講座～,https://www.supercourt.jp/topics/%e3%82%b9%e3%83%bc%e3%83%91%e3%83%bc%e3%83%bb%e3%82%b3%e3%83%bc%e3%83%88%e4%ba%ac%e3%83%bb%e8%a5%bf%e4%ba%ac%e6%a5%b5%e3%80%80%ef%bd%9e%e8%aa%8d%e7%9f%a5%e7%97%87%e3%82%b5%e3%83%9d%e3%83%bc%e3%82%bf/,お知らせ,"2016-03-02 11:12:49"
スーパー・コート東大阪みと　～認知症サポーター養成講座～,https://www.supercourt.jp/topics/%e3%82%b9%e3%83%bc%e3%83%91%e3%83%bc%e3%83%bb%e3%82%b3%e3%83%bc%e3%83%88%e6%9d%b1%e5%a4%a7%e9%98%aa%e3%81%bf%e3%81%a8%e3%80%80%ef%bd%9e%e8%aa%8d%e7%9f%a5%e7%97%87%e3%82%b5%e3%83%9d%e3%83%bc%e3%82%bf/,お知らせ,"2016-03-12 17:00:58"
"【参加費無料】　スーパー・コート門真 セミナー開催",https://www.supercourt.jp/topics/%e3%80%90%e5%8f%82%e5%8a%a0%e8%b2%bb%e7%84%a1%e6%96%99%e3%80%91%e3%80%80%e3%82%b9%e3%83%bc%e3%83%91%e3%83%bc%e3%83%bb%e3%82%b3%e3%83%bc%e3%83%88%e9%96%80%e7%9c%9f-%e3%82%bb%e3%83%9f%e3%83%8a%e3%83%bc/,お知らせ,"2016-04-01 09:00:26"
【参加費無料】　スーパー・コート京・藤森　セミナー開催,https://www.supercourt.jp/topics/%e3%80%90%e5%8f%82%e5%8a%a0%e8%b2%bb%e7%84%a1%e6%96%99%e3%80%91%e3%80%80%e3%82%b9%e3%83%bc%e3%83%91%e3%83%bc%e3%83%bb%e3%82%b3%e3%83%bc%e3%83%88%e4%ba%ac%e3%83%bb%e8%97%a4%e6%a3%ae%e3%80%80%e3%82%bb/,お知らせ,"2016-04-08 09:00:15"
"【参加費無料】　スーパー・コートJR奈良駅前 セミナー開催",https://www.supercourt.jp/topics/%e3%80%90%e5%8f%82%e5%8a%a0%e8%b2%bb%e7%84%a1%e6%96%99%e3%80%91%e3%80%80%e3%82%b9%e3%83%bc%e3%83%91%e3%83%bc%e3%83%bb%e3%82%b3%e3%83%bc%e3%83%88jr%e5%a5%88%e8%89%af%e9%a7%85%e5%89%8d-%e3%82%bb/,お知らせ,"2016-04-11 09:00:21"
【参加費無料】　スーパー・コート東大阪高井田　セミナー開催,https://www.supercourt.jp/topics/%e3%80%90%e5%8f%82%e5%8a%a0%e8%b2%bb%e7%84%a1%e6%96%99%e3%80%91%e3%80%80%e3%82%b9%e3%83%bc%e3%83%91%e3%83%bc%e3%83%bb%e3%82%b3%e3%83%bc%e3%83%88%e6%9d%b1%e5%a4%a7%e9%98%aa%e9%ab%98%e4%ba%95%e7%94%b0/,お知らせ,"2016-04-15 09:00:56"
"スーパー・コート高石羽衣/堺白鷺　　　　　　　　　　　　　 ～認知症サポーター養成講座～",https://www.supercourt.jp/topics/%e3%82%b9%e3%83%bc%e3%83%91%e3%83%bc%e3%83%bb%e3%82%b3%e3%83%bc%e3%83%88%e9%ab%98%e7%9f%b3%e7%be%bd%e8%a1%a3%e5%a0%ba%e7%99%bd%e9%b7%ba%e3%80%80%e3%80%80%e3%80%80%e3%80%80%e3%80%80%e3%80%80%e3%80%80/,お知らせ,"2016-04-18 09:00:31"
スーパー・コート豊中桃山台　～認知症サポーター養成講座～,https://www.supercourt.jp/topics/%e3%82%b9%e3%83%bc%e3%83%91%e3%83%bc%e3%83%bb%e3%82%b3%e3%83%bc%e3%83%88%e8%b1%8a%e4%b8%ad%e6%a1%83%e5%b1%b1%e5%8f%b0%e3%80%80%ef%bd%9e%e8%aa%8d%e7%9f%a5%e7%97%87%e3%82%b5%e3%83%9d%e3%83%bc%e3%82%bf/,お知らせ,"2016-04-20 09:00:14"
参加無料　スーパー・コート京・西京極　あい～と　説明会＆試食会のお知らせ,https://www.supercourt.jp/topics/%e5%8f%82%e5%8a%a0%e7%84%a1%e6%96%99%e3%80%80%e3%82%b9%e3%83%bc%e3%83%91%e3%83%bc%e3%83%bb%e3%82%b3%e3%83%bc%e3%83%88%e4%ba%ac%e3%83%bb%e8%a5%bf%e4%ba%ac%e6%a5%b5%e3%80%80%e3%81%82%e3%81%84%ef%bd%9e/,お知らせ,"2016-05-01 09:00:44"
【参加費無料】　スーパー・コート三国　セミナー開催,https://www.supercourt.jp/topics/%e3%80%90%e5%8f%82%e5%8a%a0%e8%b2%bb%e7%84%a1%e6%96%99%e3%80%91%e3%80%80%e3%82%b9%e3%83%bc%e3%83%91%e3%83%bc%e3%83%bb%e3%82%b3%e3%83%bc%e3%83%88%e4%b8%89%e5%9b%bd%e3%80%80%e3%82%bb%e3%83%9f%e3%83%8a/,お知らせ,"2016-05-17 12:00:30"
参加費無料セミナー　スーパー・コート猪名寺　～認知症サポーター養成講座～,https://www.supercourt.jp/topics/%e5%8f%82%e5%8a%a0%e8%b2%bb%e7%84%a1%e6%96%99%e3%82%bb%e3%83%9f%e3%83%8a%e3%83%bc%e3%80%80%e3%82%b9%e3%83%bc%e3%83%91%e3%83%bc%e3%83%bb%e3%82%b3%e3%83%bc%e3%83%88%e7%8c%aa%e5%90%8d%e5%af%ba%e3%80%80/,お知らせ,"2016-05-20 09:00:48"
"【参加費無料】　スーパー・コート東大阪みと セミナー開催",https://www.supercourt.jp/topics/%e3%80%90%e5%8f%82%e5%8a%a0%e8%b2%bb%e7%84%a1%e6%96%99%e3%80%91%e3%80%80%e3%82%b9%e3%83%bc%e3%83%91%e3%83%bc%e3%83%bb%e3%82%b3%e3%83%bc%e3%83%88%e6%9d%b1%e5%a4%a7%e9%98%aa%e3%81%bf%e3%81%a8-%e3%82%bb/,お知らせ,"2016-05-21 12:00:53"
参加無料～認知症サポーター養成講座～ｽｰﾊﾟｰ･ｺｰﾄ箕面小野原,https://www.supercourt.jp/topics/%e5%8f%82%e5%8a%a0%e7%84%a1%e6%96%99%ef%bd%9e%e8%aa%8d%e7%9f%a5%e7%97%87%e3%82%b5%e3%83%9d%e3%83%bc%e3%82%bf%e3%83%bc%e9%a4%8a%e6%88%90%e8%ac%9b%e5%ba%a7%ef%bd%9e%ef%bd%bd%ef%bd%b0%ef%be%8a%ef%be%9f/,お知らせ,"2016-06-01 09:00:44"
【参加費無料】　スーパー・コート大阪城公園　セミナー開催,https://www.supercourt.jp/topics/%e3%80%90%e5%8f%82%e5%8a%a0%e8%b2%bb%e7%84%a1%e6%96%99%e3%80%91%e3%80%80%e3%82%b9%e3%83%bc%e3%83%91%e3%83%bc%e3%83%bb%e3%82%b3%e3%83%bc%e3%83%88%e5%a4%a7%e9%98%aa%e5%9f%8e%e5%85%ac%e5%9c%92%e3%80%80/,お知らせ,"2016-06-03 09:00:53"
参加無料　スーパー・コート門真　あい～と　説明会＆試食会のお知らせ,https://www.supercourt.jp/topics/%e5%8f%82%e5%8a%a0%e7%84%a1%e6%96%99%e3%80%80%e3%82%b9%e3%83%bc%e3%83%91%e3%83%bc%e3%83%bb%e3%82%b3%e3%83%bc%e3%83%88%e9%96%80%e7%9c%9f%e3%80%80%e3%81%82%e3%81%84%ef%bd%9e%e3%81%a8%e3%80%80%e8%aa%ac/,お知らせ,"2016-06-06 09:00:20"
スーパー・コート大東　～認知症サポーター養成講座～,https://www.supercourt.jp/topics/%e3%82%b9%e3%83%bc%e3%83%91%e3%83%bc%e3%83%bb%e3%82%b3%e3%83%bc%e3%83%88%e5%a4%a7%e6%9d%b1%e3%80%80%ef%bd%9e%e8%aa%8d%e7%9f%a5%e7%97%87%e3%82%b5%e3%83%9d%e3%83%bc%e3%82%bf%e3%83%bc%e9%a4%8a%e6%88%90/,お知らせ,"2016-06-13 09:00:13"
参加無料　スーパー・コートJR奈良駅前　あい～と　説明会＆試食会のお知らせ,https://www.supercourt.jp/topics/%e5%8f%82%e5%8a%a0%e7%84%a1%e6%96%99%e3%80%80%e3%82%b9%e3%83%bc%e3%83%91%e3%83%bc%e3%83%bb%e3%82%b3%e3%83%bc%e3%83%88jr%e5%a5%88%e8%89%af%e9%a7%85%e5%89%8d%e3%80%80%e3%81%82%e3%81%84%ef%bd%9e%e3%81%a8/,お知らせ,"2016-06-16 09:00:03"
【参加費無料】　スーパー・コート京・西京極　セミナー開催,https://www.supercourt.jp/topics/%e3%80%90%e5%8f%82%e5%8a%a0%e8%b2%bb%e7%84%a1%e6%96%99%e3%80%91%e3%80%80%e3%82%b9%e3%83%bc%e3%83%91%e3%83%bc%e3%83%bb%e3%82%b3%e3%83%bc%e3%83%88%e4%ba%ac%e3%83%bb%e8%a5%bf%e4%ba%ac%e6%a5%b5%e3%80%80/,お知らせ,"2016-06-19 09:00:57"
スーパー・コート松原　～認知症サポーター養成講座～,https://www.supercourt.jp/topics/%e3%82%b9%e3%83%bc%e3%83%91%e3%83%bc%e3%83%bb%e3%82%b3%e3%83%bc%e3%83%88%e6%9d%be%e5%8e%9f%e3%80%80%ef%bd%9e%e8%aa%8d%e7%9f%a5%e7%97%87%e3%82%b5%e3%83%9d%e3%83%bc%e3%82%bf%e3%83%bc%e9%a4%8a%e6%88%90/,お知らせ,"2016-06-18 17:00:29"
参加費無料セミナー　スーパー・コート堺神石2号館,https://www.supercourt.jp/topics/%e5%8f%82%e5%8a%a0%e8%b2%bb%e7%84%a1%e6%96%99%e3%82%bb%e3%83%9f%e3%83%8a%e3%83%bc%e3%80%80%e3%82%b9%e3%83%bc%e3%83%91%e3%83%bc%e3%83%bb%e3%82%b3%e3%83%bc%e3%83%88%e5%a0%ba%e7%a5%9e%e7%9f%b32%e5%8f%b7/,お知らせ,"2016-09-01 09:00:45"
参加無料　　スーパー・コート松原　あい～と　説明会＆試食会,https://www.supercourt.jp/topics/%e5%8f%82%e5%8a%a0%e7%84%a1%e6%96%99%e3%80%80%e3%80%80%e3%82%b9%e3%83%bc%e3%83%91%e3%83%bc%e3%83%bb%e3%82%b3%e3%83%bc%e3%83%88%e6%9d%be%e5%8e%9f%e3%80%80%e3%81%82%e3%81%84%ef%bd%9e%e3%81%a8%e3%80%80/,お知らせ,"2016-08-10 09:00:00"
2015年度、関西経営品質ゴールドを受賞いたしました。,https://www.supercourt.jp/topics/2015%e5%b9%b4%e5%ba%a6%e7%89%88%e3%80%81%e9%96%a2%e8%a5%bf%e7%b5%8c%e5%96%b6%e5%93%81%e8%b3%aa%e3%82%b4%e3%83%bc%e3%83%ab%e3%83%89%e3%82%92%e5%8f%97%e8%b3%9e%e3%81%84%e3%81%9f%e3%81%97%e3%81%be/,お知らせ,"2016-01-19 13:21:02"
参加無料　　スーパー・コートあやめ池　あい～と　説明会＆試食会,https://www.supercourt.jp/topics/%e5%8f%82%e5%8a%a0%e7%84%a1%e6%96%99%e3%80%80%e3%80%80%e3%82%b9%e3%83%bc%e3%83%91%e3%83%bc%e3%83%bb%e3%82%b3%e3%83%bc%e3%83%88%e3%81%82%e3%82%84%e3%82%81%e6%b1%a0%e3%80%80%e3%81%82%e3%81%84%ef%bd%9e/,お知らせ,"2016-09-22 09:00:42"
参加無料　スーパー・コート京・桂-認知症サポーター養成講座-,https://www.supercourt.jp/topics/%e5%8f%82%e5%8a%a0%e7%84%a1%e6%96%99%e3%80%80%e3%82%b9%e3%83%bc%e3%83%91%e3%83%bc%e3%83%bb%e3%82%b3%e3%83%bc%e3%83%88%e4%ba%ac%e3%83%bb%e6%a1%82-%e8%aa%8d%e7%9f%a5%e7%97%87%e3%82%b5%e3%83%9d%e3%83%bc/,お知らせ,"2016-11-05 09:00:58"
"SC-FIT プログラムのご案内",https://www.supercourt.jp/topics/sc-fit-%e3%83%97%e3%83%ad%e3%82%b0%e3%83%a9%e3%83%a0%e3%81%ae%e3%81%94%e6%a1%88%e5%86%85/,お知らせ,"2016-11-10 09:00:02"
新規オープン　スーパー・コートプレミアム宇治大久保,https://www.supercourt.jp/topics/%e6%96%b0%e8%a6%8f%e3%82%aa%e3%83%bc%e3%83%97%e3%83%b3%e3%80%80%e3%82%b9%e3%83%bc%e3%83%91%e3%83%bc%e3%83%bb%e3%82%b3%e3%83%bc%e3%83%88%e3%83%97%e3%83%ac%e3%83%9f%e3%82%a2%e3%83%a0%e5%ae%87%e6%b2%bb/,お知らせ,"2017-01-18 00:00:56"
"無料セミナー　新規オープン　スーパー・コート プレミアム宇治",https://www.supercourt.jp/topics/%e7%84%a1%e6%96%99%e3%82%bb%e3%83%9f%e3%83%8a%e3%83%bc%e3%80%80%e6%96%b0%e8%a6%8f%e3%82%aa%e3%83%bc%e3%83%97%e3%83%b3%e3%80%80%e3%82%b9%e3%83%bc%e3%83%91%e3%83%bc%e3%83%bb%e3%82%b3%e3%83%bc%e3%83%88-2/,お知らせ,"2017-03-13 09:00:10"
"スーパー・コート プレミアム宇治　～認知症サポーター養成講座～",https://www.supercourt.jp/topics/%e3%82%b9%e3%83%bc%e3%83%91%e3%83%bc%e3%83%bb%e3%82%b3%e3%83%bc%e3%83%88-%e3%83%97%e3%83%ac%e3%83%9f%e3%82%a2%e3%83%a0%e5%ae%87%e6%b2%bb%e3%80%80%ef%bd%9e%e8%aa%8d%e7%9f%a5%e7%97%87%e3%82%b5%e3%83%9d/,お知らせ,"2017-05-06 12:03:12"
スーパー・コート　プレミアム池田　夜の内覧会のお知らせ,https://www.supercourt.jp/topics/%e3%82%b9%e3%83%bc%e3%83%91%e3%83%bc%e3%83%bb%e3%82%b3%e3%83%bc%e3%83%88%e3%80%80%e3%83%97%e3%83%ac%e3%83%9f%e3%82%a2%e3%83%a0%e6%b1%a0%e7%94%b0%e3%80%80%e5%a4%9c%e3%81%ae%e5%86%85%e8%a6%a7%e4%bc%9a/,お知らせ,"2018-03-08 13:44:51"
スーパー・コートプレミアム池田　認知症サポーター養成講座のお知らせ,https://www.supercourt.jp/topics/%e3%82%b9%e3%83%bc%e3%83%91%e3%83%bc%e3%83%bb%e3%82%b3%e3%83%bc%e3%83%88%e3%83%97%e3%83%ac%e3%83%9f%e3%82%a2%e3%83%a0%e6%b1%a0%e7%94%b0%e3%80%80%e8%aa%8d%e7%9f%a5%e7%97%87%e3%82%b5%e3%83%9d%e3%83%bc-2/,お知らせ,"2018-04-16 14:26:59"
2018年5月15日（火）入居相談室臨時休業のお知らせ,https://www.supercourt.jp/topics/2018%e5%b9%b45%e6%9c%8815%e6%97%a5%ef%bc%88%e7%81%ab%ef%bc%89%e5%85%a5%e5%b1%85%e7%9b%b8%e8%ab%87%e5%ae%a4%e8%87%a8%e6%99%82%e4%bc%91%e6%a5%ad%e3%81%ae%e3%81%8a%e7%9f%a5%e3%82%89%e3%81%9b/,お知らせ,"2018-05-12 17:20:45"
スーパー・コートプレミアム宇治　体験入居のご案内（自立の方対象）,https://www.supercourt.jp/topics/%e3%82%b9%e3%83%bc%e3%83%91%e3%83%bc%e3%83%bb%e3%82%b3%e3%83%bc%e3%83%88%e3%83%97%e3%83%ac%e3%83%9f%e3%82%a2%e3%83%a0%e5%ae%87%e6%b2%bb%e3%80%80%e4%bd%93%e9%a8%93%e5%85%a5%e5%b1%85%e3%81%ae%e3%81%94/,お知らせ,"2018-05-16 15:28:12"
スーパー・コート　プレミアム池田　第5回　夜の内覧会のお知らせ,https://www.supercourt.jp/topics/%e3%82%b9%e3%83%bc%e3%83%91%e3%83%bc%e3%83%bb%e3%82%b3%e3%83%bc%e3%83%88%e3%80%80%e3%83%97%e3%83%ac%e3%83%9f%e3%82%a2%e3%83%a0%e6%b1%a0%e7%94%b0%e3%80%80%e7%ac%ac5%e5%9b%9e%e3%80%80%e5%a4%9c%e3%81%ae/,お知らせ,"2018-05-26 16:49:19"
【参加無料】スーパー・コート茨木彩都　アロマを使った認知症予防セミナー,https://www.supercourt.jp/topics/%e3%80%90%e5%8f%82%e5%8a%a0%e7%84%a1%e6%96%99%e3%80%91%e3%82%b9%e3%83%bc%e3%83%91%e3%83%bc%e3%83%bb%e3%82%b3%e3%83%bc%e3%83%88%e8%8c%a8%e6%9c%a8%e5%bd%a9%e9%83%bd%e3%80%80%e3%82%a2%e3%83%ad%e3%83%9e/,お知らせ,"2018-06-02 15:42:09"
6/18大阪北部地震による施設見学についてのお知らせ,https://www.supercourt.jp/topics/618%e5%a4%a7%e9%98%aa%e5%8c%97%e9%83%a8%e5%9c%b0%e9%9c%87%e3%81%ab%e3%82%88%e3%82%8b%e6%96%bd%e8%a8%ad%e8%a6%8b%e5%ad%a6%e3%81%ab%e3%81%a4%e3%81%84%e3%81%a6%e3%81%ae%e3%81%8a%e7%9f%a5%e3%82%89/,お知らせ,"2018-06-20 11:36:29"
スーパーコート高槻　ご見学再開いたしました,https://www.supercourt.jp/topics/%e3%82%b9%e3%83%bc%e3%83%91%e3%83%bc%e3%82%b3%e3%83%bc%e3%83%88%e9%ab%98%e6%a7%bb%e3%80%80%e3%81%94%e8%a6%8b%e5%ad%a6%e5%86%8d%e9%96%8b%e3%81%84%e3%81%9f%e3%81%97%e3%81%be%e3%81%97%e3%81%9f/,お知らせ,"2018-06-24 08:55:07"
スーパーコート高槻城内　ご見学再開いたしました,https://www.supercourt.jp/topics/%e3%82%b9%e3%83%bc%e3%83%91%e3%83%bc%e3%82%b3%e3%83%bc%e3%83%88%e9%ab%98%e6%a7%bb%e5%9f%8e%e5%86%85%e3%80%80%e3%81%94%e8%a6%8b%e5%ad%a6%e5%86%8d%e9%96%8b%e3%81%84%e3%81%9f%e3%81%97%e3%81%be%e3%81%97/,お知らせ,"2018-06-26 17:54:48"
スーパー・コート吹田山手　1泊2日体験入居のご案内,https://www.supercourt.jp/topics/%e3%82%b9%e3%83%bc%e3%83%91%e3%83%bc%e3%83%bb%e3%82%b3%e3%83%bc%e3%83%88%e5%90%b9%e7%94%b0%e5%b1%b1%e6%89%8b%e3%80%801%e6%b3%8a2%e6%97%a5%e4%bd%93%e9%a8%93%e5%85%a5%e5%b1%85%e3%81%ae%e3%81%94%e6%a1%88/,お知らせ,"2018-06-28 16:23:51"
【参加無料】スーパー・コート茨木彩都・プレミアム池田　摂食回復支援食品「あいーと」試食会,https://www.supercourt.jp/topics/%e3%80%90%e5%8f%82%e5%8a%a0%e7%84%a1%e6%96%99%e3%80%91%e3%82%b9%e3%83%bc%e3%83%91%e3%83%bc%e3%83%bb%e3%82%b3%e3%83%bc%e3%83%88%e8%8c%a8%e6%9c%a8%e5%bd%a9%e9%83%bd%e3%83%bb%e3%83%97%e3%83%ac%e3%83%9f/,お知らせ,"2018-07-12 18:08:43"
スーパー・コート箕面小野原　体験入居のご案内,https://www.supercourt.jp/topics/%e3%82%b9%e3%83%bc%e3%83%91%e3%83%bc%e3%83%bb%e3%82%b3%e3%83%bc%e3%83%88%e5%90%b9%e7%94%b0%e5%b1%b1%e6%89%8b%e3%80%801%e6%b3%8a2%e6%97%a5%e4%bd%93%e9%a8%93%e5%85%a5%e5%b1%85%e3%81%ae%e3%81%94-2/,お知らせ,"2018-07-20 14:32:18"
スーパー・コート　プレミアム池田　第6回　夜の内覧会のお知らせ,https://www.supercourt.jp/topics/%e3%82%b9%e3%83%bc%e3%83%91%e3%83%bc%e3%83%bb%e3%82%b3%e3%83%bc%e3%83%88%e3%80%80%e3%83%97%e3%83%ac%e3%83%9f%e3%82%a2%e3%83%a0%e6%b1%a0%e7%94%b0%e3%80%80%e7%ac%ac5%e5%9b%9e%e3%80%80%e5%a4%9c-2/,お知らせ,"2018-08-15 16:05:08"
【満員御礼】スーパー・コート　プレミアム池田　第6回　夜の内覧会,https://www.supercourt.jp/topics/%e3%80%90%e6%ba%80%e5%93%a1%e5%be%a1%e7%a4%bc%e3%80%91%e3%82%b9%e3%83%bc%e3%83%91%e3%83%bc%e3%83%bb%e3%82%b3%e3%83%bc%e3%83%88%e3%80%80%e3%83%97%e3%83%ac%e3%83%9f%e3%82%a2%e3%83%a0%e6%b1%a0%e7%94%b0/,お知らせ,"2018-09-09 14:40:16"
2018年11月15日（木）入居相談室臨時休業のお知らせ,https://www.supercourt.jp/topics/2018%e5%b9%b411%e6%9c%8815%e6%97%a5%ef%bc%88%e6%9c%a8%ef%bc%89%e5%85%a5%e5%b1%85%e7%9b%b8%e8%ab%87%e5%ae%a4%e8%87%a8%e6%99%82%e4%bc%91%e6%a5%ad%e3%81%ae%e3%81%8a%e7%9f%a5%e3%82%89%e3%81%9b/,お知らせ,"2018-11-09 13:16:12"
スーパー・コート　プレミアム池田　第7回　夜の内覧会のお知らせ,https://www.supercourt.jp/topics/%e3%82%b9%e3%83%bc%e3%83%91%e3%83%bc%e3%83%bb%e3%82%b3%e3%83%bc%e3%83%88%e3%80%80%e3%83%97%e3%83%ac%e3%83%9f%e3%82%a2%e3%83%a0%e6%b1%a0%e7%94%b0%e3%80%80%e7%ac%ac7%e5%9b%9e%e3%80%80%e5%a4%9c%e3%81%ae/,お知らせ,"2018-11-25 09:54:00"
"入居相談室 年末年始休業のお知らせ",https://www.supercourt.jp/topics/%e5%85%a5%e5%b1%85%e7%9b%b8%e8%ab%87%e5%ae%a4-%e5%b9%b4%e6%9c%ab%e5%b9%b4%e5%a7%8b%e4%bc%91%e6%a5%ad%e3%81%ae%e3%81%8a%e7%9f%a5%e3%82%89%e3%81%9b/,お知らせ,"2018-12-22 14:51:37"
【参加無料】スーパー・コート京・西京極　24時間看護体制説明会,https://www.supercourt.jp/topics/%e3%80%90%e5%8f%82%e5%8a%a0%e7%84%a1%e6%96%99%e3%80%91%e3%82%b9%e3%83%bc%e3%83%91%e3%83%bc%e3%83%bb%e3%82%b3%e3%83%bc%e3%83%88%e4%ba%ac%e3%83%bb%e8%a5%bf%e4%ba%ac%e6%a5%b5%e3%80%8024%e6%99%82%e9%96%93/,お知らせ,"2019-01-06 10:07:44"
スーパー・コート　プレミアム池田　宝塚ファンタスティックSHOW,https://www.supercourt.jp/topics/%e3%82%b9%e3%83%bc%e3%83%91%e3%83%bc%e3%83%bb%e3%82%b3%e3%83%bc%e3%83%88%e3%80%80%e3%83%97%e3%83%ac%e3%83%9f%e3%82%a2%e3%83%a0%e6%b1%a0%e7%94%b0%e3%80%80%e5%ae%9d%e5%a1%9a%e3%83%95%e3%82%a1%e3%83%b3/,お知らせ,"2019-02-18 16:14:48"
【参加無料・予約制】スーパー・コート　プレミアム宇治　宝塚ファンタスティックSHOW,https://www.supercourt.jp/topics/%e3%80%90%e5%8f%82%e5%8a%a0%e7%84%a1%e6%96%99%e3%83%bb%e4%ba%88%e7%b4%84%e5%88%b6%e3%80%91%e3%82%b9%e3%83%bc%e3%83%91%e3%83%bc%e3%83%bb%e3%82%b3%e3%83%bc%e3%83%88%e3%80%80%e3%83%97%e3%83%ac%e3%83%9f/,お知らせ,"2019-04-16 13:42:57"
【参加無料・予約制】スーパー・コート　プレミアム宇治　アンサンブルコンサート,https://www.supercourt.jp/topics/%e3%80%90%e5%8f%82%e5%8a%a0%e7%84%a1%e6%96%99%e3%83%bb%e4%ba%88%e7%b4%84%e5%88%b6%e3%80%91%e3%82%b9%e3%83%bc%e3%83%91%e3%83%bc%e3%83%bb%e3%82%b3%e3%83%bc%e3%83%88%e3%80%80%e3%83%97%e3%83%ac%e3%83%9f-2/,お知らせ,"2019-05-09 15:50:06"
2019年11月26日（火）入居相談室臨時休業のお知らせ,https://www.supercourt.jp/topics/2019%e5%b9%b45%e6%9c%8827%e6%97%a5%ef%bc%88%e6%9c%88%ef%bc%89%e5%85%a5%e5%b1%85%e7%9b%b8%e8%ab%87%e5%ae%a4%e8%87%a8%e6%99%82%e4%bc%91%e6%a5%ad%e3%81%ae%e3%81%8a%e7%9f%a5%e3%82%89%e3%81%9b/,お知らせ,"2019-05-22 14:20:55"
"入居相談室 年末年始休業のお知らせ",https://www.supercourt.jp/topics/%e5%85%a5%e5%b1%85%e7%9b%b8%e8%ab%87%e5%ae%a4-%e5%b9%b4%e6%9c%ab%e5%b9%b4%e5%a7%8b%e4%bc%91%e6%a5%ad%e3%81%ae%e3%81%8a%e7%9f%a5%e3%82%89%e3%81%9b-2/,お知らせ,"2019-12-24 17:27:50"
"【オンラインイベント開催のお知らせ】　 6/12（金）19：00～「コロナでどれだけ変わる？！経営陣の本音トーク」",https://www.supercourt.jp/topics/6-12%ef%bc%88%e9%87%91%ef%bc%89%e3%80%8c%e3%82%b3%e3%83%ad%e3%83%8a%e3%81%a7%e3%81%a9%e3%82%8c%e3%81%a0%e3%81%91%e5%a4%89%e3%82%8f%e3%82%8b%ef%bc%9f%ef%bc%81%e7%b5%8c%e5%96%b6%e9%99%a3%e3%81%ae/,お知らせ,"2020-06-09 18:20:27"
入居相談室　年末年始休業のお知らせ,https://www.supercourt.jp/topics/%e5%85%a5%e5%b1%85%e7%9b%b8%e8%ab%87%e5%ae%a4%e3%80%80%e5%b9%b4%e6%9c%ab%e5%b9%b4%e5%a7%8b%e4%bc%91%e6%a5%ad%e3%81%ae%e3%81%8a%e7%9f%a5%e3%82%89%e3%81%9b/,お知らせ,"2020-12-21 09:56:00"
経済産業省「はばたく中小企業・小規模事業者300社」を受賞しました,https://www.supercourt.jp/topics/%e7%b5%8c%e6%b8%88%e7%94%a3%e6%a5%ad%e7%9c%81%e3%80%8c%e3%81%af%e3%81%b0%e3%81%9f%e3%81%8f%e4%b8%ad%e5%b0%8f%e4%bc%81%e6%a5%ad%e3%83%bb%e5%b0%8f%e8%a6%8f%e6%a8%a1%e4%ba%8b%e6%a5%ad%e8%80%85300/,お知らせ,"2020-11-14 15:54:35"
2022年5月27日（金）入居相談室臨時休業のお知らせ,https://www.supercourt.jp/topics/2022%e5%b9%b45%e6%9c%8827%e6%97%a5%ef%bc%88%e9%87%91%ef%bc%89%e5%85%a5%e5%b1%85%e7%9b%b8%e8%ab%87%e5%ae%a4%e8%87%a8%e6%99%82%e4%bc%91%e6%a5%ad%e3%81%ae%e3%81%8a%e7%9f%a5%e3%82%89%e3%81%9b/,お知らせ,"2021-11-22 16:23:23"
大阪の温泉付き老人ホーム10選！温泉の入浴効果も,https://www.supercourt.jp/topics/osaka-onsen/,コラム,"2022-09-15 05:55:33"
大阪府の費用相場より安い介護付有料老人ホーム9選！年金だけで入居できる？,https://www.supercourt.jp/topics/low-price/,コラム,"2022-09-20 11:56:04"
【表で解説】老人ホームの種類と違い！選び方のコツや費用を紹介！,https://www.supercourt.jp/topics/type/,コラム,"2023-10-12 05:44:02"
老人ホームの入居費用はいくら？タイプ別の費用相場と払えない時の対処法,https://www.supercourt.jp/topics/price/,コラム,"2022-09-15 05:29:33"
有料老人ホームとは？種類・費用・入居条件についてわかりやすく解説,https://www.supercourt.jp/topics/what/,コラム,"2023-10-12 11:47:52"
新型コロナウイルス感染症への対応　施設ご見学について,https://www.supercourt.jp/topics/%e6%96%b0%e5%9e%8b%e3%82%b3%e3%83%ad%e3%83%8a%e3%82%a6%e3%82%a4%e3%83%ab%e3%82%b9%e6%84%9f%e6%9f%93%e7%97%87%e3%81%b8%e3%81%ae%e5%af%be%e5%bf%9c%e3%80%80%e6%96%bd%e8%a8%ad%e3%81%94%e8%a6%8b%e5%ad%a6/,お知らせ,"2022-10-20 10:49:39"
新型コロナウイルス感染症への対応　ご入居者との面会について,https://www.supercourt.jp/topics/meeting/,お知らせ,"2022-10-20 10:51:15"
介護老人福祉施設とは？入所方法や費用、メリットデメリットを解説！,https://www.supercourt.jp/topics/elderly-care-welfare-facility/,コラム,"2022-12-28 10:36:39"
要介護認定とは？要支援と要介護の違いや認定の申請方法について紹介,https://www.supercourt.jp/topics/care-certification/,コラム,"2023-10-12 11:05:54"
要介護5とは？要介護4との違いや受けられる給付金・サービスを解説,https://www.supercourt.jp/topics/youkaigo-5/,コラム,"2023-03-20 12:56:29"
要介護4とは？要介護3・5との違いや受けられる給付金・サービスを解説,https://www.supercourt.jp/topics/youkaigo-4/,コラム,"2023-03-20 12:56:29"
ivh（中心静脈栄養）とは？在宅や介護施設でのケアについて解説,https://www.supercourt.jp/topics/what-is-ivh/,コラム,"2023-03-20 12:56:27"
ご入居前によくあるご質問,https://www.supercourt.jp/topics/%e3%81%94%e5%85%a5%e5%b1%85%e5%89%8d%e3%81%ab%e3%82%88%e3%81%8f%e3%81%82%e3%82%8b%e3%81%94%e8%b3%aa%e5%95%8f/,お知らせ,"2023-10-12 20:50:43"
高級老人ホームのおすすめ4選！費用相場や特徴も紹介,https://www.supercourt.jp/topics/luxury-nursing-home-kyoto/,コラム,"2023-03-22 18:40:25"
要支援1で受けられるサービス内容とは？費用・注意点などをプロが解説,https://www.supercourt.jp/topics/yoshien-1/,コラム,"2023-03-20 12:56:31"
要支援2とは？サービスの種類や在宅介護と施設入居の費用比較も紹介,https://www.supercourt.jp/topics/yoshien-2/,コラム,"2023-03-20 12:56:28"
要介護1とは？受けられるサービス例や在宅介護と施設介護の費用比較も紹介,https://www.supercourt.jp/topics/yokaigo-1/,コラム,"2023-03-20 12:56:35"
要介護3とはどんな状態？受けられるサービスと在宅介護・施設介護の違いを紹介,https://www.supercourt.jp/topics/yokaigo-3/,コラム,"2023-03-20 12:56:32"
要介護2とは？要介護1・3との違いと受けられるサービスや入所できる施設を紹介,https://www.supercourt.jp/topics/yokaigo-2/,コラム,"2023-03-20 12:56:33"
日常生活自立度とは？判定基準と注意点・ADLとの違いを解説,https://www.supercourt.jp/topics/daily-living/,コラム,"2023-10-12 12:56:35"
大阪府のおすすめ高級老人ホーム6選！失敗しない選び方と費用相場を紹介,https://www.supercourt.jp/topics/luxury-nursing-home-osaka/,コラム,"2023-03-22 18:40:24"
せん妄とは？認知症との違いや原因、治療方法をわかりやすく解説,https://www.supercourt.jp/topics/what-is-delirium/,コラム,"2023-02-09 17:23:31"
施設に入った親の住民票は移すのが正解？手続きや注意点をご紹介,https://www.supercourt.jp/topics/residentcard-parent-enteredfacility/,コラム,"2023-03-12 06:44:30"
【老人性うつ】一人暮らしは要注意？特徴や発症・悪化を防ぐ方法とは,https://www.supercourt.jp/topics/senile-depression-living-alone/,コラム,"2023-03-12 06:44:31"
仮性認知症とは？認知症との見分け方・チェックリスト・治療方法を紹介,https://www.supercourt.jp/topics/about-pseudodementia/,コラム,"2023-10-12 06:44:32"
セルフネグレクトとは？原因や対処方法を解説【チェックリスト付き】,https://www.supercourt.jp/topics/about-self-neglect/,コラム,"2023-10-12 06:44:33"
新型コロナの5類感染症移行後のマスク着用について,https://www.supercourt.jp/topics/%e3%83%9e%e3%82%b9%e3%82%af%e3%81%ae%e7%9d%80%e7%94%a8%e3%81%ab%e3%81%a4%e3%81%84%e3%81%a6/,お知らせ,"2023-03-13 11:42:01"
テレビCM「パーキンソン病専門住宅」6月1日より公開,https://www.supercourt.jp/topics/%e3%83%86%e3%83%ac%e3%83%93cm%e3%83%91%e3%83%bc%e3%82%ad%e3%83%b3%e3%82%bd%e3%83%b3%e7%97%85%e5%b0%82%e9%96%80%e4%bd%8f%e5%ae%85/,お知らせ,"2023-06-01 14:23:13"
「スーパー・コート住之江」8月1日よりリニューアルオープン,https://www.supercourt.jp/topics/%e3%80%8c%e3%82%b9%e3%83%bc%e3%83%91%e3%83%bc%e3%83%bb%e3%82%b3%e3%83%bc%e3%83%88%e4%bd%8f%e4%b9%8b%e6%b1%9f%e3%80%8d%e3%83%aa%e3%83%8b%e3%83%a5%e3%83%bc%e3%82%a2%e3%83%ab%e3%82%aa%e3%83%bc%e3%83%97/,お知らせ,"2023-07-12 15:59:59"
パーキンソン病とは？押さえておくべき4大症状と基本的な治療法,https://www.supercourt.jp/topics/what-is-parkinsons-disease/,パーキンソン病,"2023-11-21 12:05:03"
パーキンソン病になりやすい人の特徴とは？確認しておきたい予防方法,https://www.supercourt.jp/topics/prone-to-parkinsons-disease/,パーキンソン病,"2023-11-21 12:20:00"
パーキンソン病になりやすい性格と気を付けたい生活習慣,https://www.supercourt.jp/topics/parkinsons-disease-personality/,パーキンソン病,"2023-11-21 12:43:16"
パーキンソン病患者の平均寿命と治療期間が長くなると現れやすい症状,https://www.supercourt.jp/topics/parkinson-lifespan/,パーキンソン病,"2023-11-21 13:11:29"
パーキンソン病の原因とは？代表的な症状と日常生活での対処法,https://www.supercourt.jp/topics/parkinsons-disease-causes/,パーキンソン病,"2023-11-21 14:37:34"
パーキンソン病の重症度分類を解説！生活機能障害度Ⅰ度～Ⅲ度も確認,https://www.supercourt.jp/topics/parkinsons-disease-classification/,パーキンソン病,"2023-11-21 14:49:47"
パーキンソン病が進行する流れと注意しておきたい運動合併症,https://www.supercourt.jp/topics/parkinsons-disease-progression/,パーキンソン病,"2023-11-21 14:59:38"
パーキンソン病専門住宅「オリーブ・南千里（大阪府吹田市千里山）」見学予約受付中,https://www.supercourt.jp/topics/%e3%83%91%e3%83%bc%e3%82%ad%e3%83%b3%e3%82%bd%e3%83%b3%e7%97%85%e5%b0%82%e9%96%80%e4%bd%8f%e5%ae%85%e3%80%8c%e3%82%aa%e3%83%aa%e3%83%bc%e3%83%96%e3%83%bb%e5%8d%97%e5%8d%83%e9%87%8c%ef%bc%88%e5%a4%a7/,お知らせ,"2023-11-30 12:37:48"
パーキンソン病の発症原因とは？初期症状や似ている病気もチェック,https://www.supercourt.jp/topics/causes-onset/,パーキンソン病,"2024-05-24 17:32:42"
パーキンソン病にみられる4大症状と初期・中期・末期症状の特徴,https://www.supercourt.jp/topics/major-symptoms/,パーキンソン病,"2024-05-24 17:48:24"
パーキンソン病施設の選び方や入居条件・費用相場と公的支援制度,https://www.supercourt.jp/topics/facilities-select/,パーキンソン病,"2024-05-24 18:01:18"
パーキンソン病の進行度と症状の進行が早いときに考えられること,https://www.supercourt.jp/topics/progress/,パーキンソン病,"2024-05-24 18:45:20"
バナナはパーキンソン病治療薬と相性が悪い？予防に役立つ食材も紹介,https://www.supercourt.jp/topics/banana-compatibility/,パーキンソン病,"2024-05-24 19:03:43"
パーキンソン病が治る時代はやってくる？注目される2つの先進的治療,https://www.supercourt.jp/topics/parkinsons-disease-what-happens-if-you-dont-take-your-medicine/,パーキンソン病,"2024-05-24 19:11:22"
パーキンソン病専門住宅「オリーブ・門戸厄神（兵庫県西宮市）」見学予約受付中,https://www.supercourt.jp/topics/%e3%83%91%e3%83%bc%e3%82%ad%e3%83%b3%e3%82%bd%e3%83%b3%e7%97%85%e5%b0%82%e9%96%80%e4%bd%8f%e5%ae%85%e3%80%8c%e3%82%aa%e3%83%aa%e3%83%bc%e3%83%96%e3%83%bb%e9%96%80%e6%88%b8%e5%8e%84%e7%a5%9e%ef%bc%88/,お知らせ,"2024-02-20 17:16:11"
パーキンソン病の介護とは？取り組む際のポイントを紹介,https://www.supercourt.jp/topics/parkinsons-disease-nursingcare/,パーキンソン病,"2024-04-24 16:07:16"
パーキンソン病の方に施設入居をおすすめする際に押さえておきたいポイント,https://www.supercourt.jp/topics/iwantto-enter-the-facility/,パーキンソン病,"2024-04-24 16:46:11"
パーキンソン病の原因・初期症状とは？セルフチェック方法も紹介,https://www.supercourt.jp/topics/initialsymptoms-check/,パーキンソン病,"2024-04-24 16:53:27"
パーキンソン病に似ている類似疾患とは？特徴と違いを解説,https://www.supercourt.jp/topics/parkinson-similar-diseases/,パーキンソン病,"2024-04-24 17:14:47"
迫り来る認知症社会：2060年、高齢者の5.6人に1人が認知症に,https://www.supercourt.jp/topics/%e8%bf%ab%e3%82%8a%e6%9d%a5%e3%82%8b%e8%aa%8d%e7%9f%a5%e7%97%87%e7%a4%be%e4%bc%9a%ef%bc%9a2060%e5%b9%b4%e3%80%81%e9%ab%98%e9%bd%a2%e8%80%85%e3%81%ae5-6%e4%ba%ba%e3%81%ab1%e4%ba%ba%e3%81%8c%e8%aa%8d/,コラム,"2024-06-07 14:28:34"
介護職の外国人材受け入れを拡大！積極的な取り組みが人材不足の鍵,https://www.supercourt.jp/topics/%e4%bb%8b%e8%ad%b7%e8%81%b7%e3%81%ae%e5%a4%96%e5%9b%bd%e4%ba%ba%e6%9d%90%e5%8f%97%e3%81%91%e5%85%a5%e3%82%8c%e3%82%92%e6%8b%a1%e5%a4%a7%ef%bc%81%e7%a9%8d%e6%a5%b5%e7%9a%84%e3%81%aa%e5%8f%96%e3%82%8a/,コラム,"2024-06-17 18:49:22"
パーキンソン病のリハビリと押さえておきたい代表的な症状,https://www.supercourt.jp/topics/parkinson-rehabilitation/,パーキンソン病,"2024-06-28 10:25:58"
パーキンソン病とチョコレートの関係｜病気の予防に活用したい食べ物,https://www.supercourt.jp/topics/chocolate/,パーキンソン病,"2024-07-08 19:46:22"
パーキンソン病にいい食べ物と摂りすぎに気をつけたい食べ物,https://www.supercourt.jp/topics/parkinson-food/,パーキンソン病,"2024-07-07 20:19:19"
パーキンソン病は進行するとどうなる？重症度分類と状態別の治療法,https://www.supercourt.jp/topics/parkinson-class/,パーキンソン病,"2024-07-10 20:39:02"
パーキンソン病で現れる精神症状とその治療法,https://www.supercourt.jp/topics/parkinsons-psy/,パーキンソン病,"2024-07-12 21:03:52"
パーキンソン病とうつ病は併発する？一般的なうつ病との違いと治療法,https://www.supercourt.jp/topics/parkinsons-depression/,パーキンソン病,"2024-07-13 21:09:02"
パーキンソン病のウェアリングオフとジスキネジアの原因・治療法など,https://www.supercourt.jp/topics/parkinson-wearingoff/,パーキンソン病,"2024-07-15 21:30:34"
パーキンソン病と遺伝の関係｜関係する遺伝子と基本的な治療法,https://www.supercourt.jp/topics/parkinson-gene/,パーキンソン病,"2024-07-28 22:40:32"
パーキンソン病は治る？治療の効果、新しい治療と注意したいポイント,https://www.supercourt.jp/topics/parkinson-treatment/,パーキンソン病,"2024-07-22 00:41:50"
パーキンソン病・パーキンソン症候群の違いと両者の診断方法,https://www.supercourt.jp/topics/parkinsonvs-syndrome/,パーキンソン病,"2024-07-30 00:50:43"
iPS細胞を用いたパーキンソン病の治療の現状,https://www.supercourt.jp/topics/parkinsons-disease-ips-cells/,パーキンソン病,"2025-01-27 10:33:00"
パーキンソン病の主な症状とは？診断の基準・検査方法も紹介,https://www.supercourt.jp/topics/parkinsons-disease-diagnostic-criteria/,パーキンソン病,"2025-01-27 10:49:27"
パーキンソン病による睡眠障害と主な改善方法を紹介,https://www.supercourt.jp/topics/parkinsons-disease-sleep-disorder/,パーキンソン病,"2025-01-27 10:55:52"
パーキンソン病で利用できる制度ともらえる助成金を解説,https://www.supercourt.jp/topics/parkinsons-disease-benefits/,パーキンソン病,"2025-01-27 11:15:15"
パーキンソン病の発症率の男女比は？症状や発症の原因を解説,https://www.supercourt.jp/topics/parkinsons-disease-male-female-ratio/,パーキンソン病,"2025-01-27 12:22:58"
パーキンソン病の治療で薬を飲まない場合の影響を解説,https://www.supercourt.jp/topics/parkinsons-disease-what-happens-if-you-dont-take-your-medicine-2/,パーキンソン病,"2025-01-27 12:32:37"
パーキンソン病の方でも特養に入居できる？入居の条件を解説,https://www.supercourt.jp/topics/parkinsons-disease-special-nursing-home/,パーキンソン病,"2025-01-27 13:25:59"
パーキンソン病は予防できる？主要な症状もあわせて解説,https://www.supercourt.jp/topics/parkinsons-disease-prevention/,パーキンソン病,"2025-01-27 14:59:27"
パーキンソン病の方が抱えるトイレトラブルと対処法を解説,https://www.supercourt.jp/topics/parkinsons-disease-toilet/,パーキンソン病,"2025-01-27 15:33:00"
パーキンソン病の発症後に幻覚症状が現れる理由と治療・対処方法,https://www.supercourt.jp/topics/parkinsons-disease-hallucinations/,パーキンソン病,"2025-01-27 15:43:21"
パーキンソン病の原因になりやすい食事と予防に効果が期待できる食材,https://www.supercourt.jp/topics/parkinsons-disease-causes-diet/,パーキンソン病,"2025-01-27 15:54:33"
パーキンソン病の予防に喫煙が有効って本当？関係性を解説,https://www.supercourt.jp/topics/parkinsons-disease-smoking/,パーキンソン病,"2025-01-27 16:07:02"
パーキンソン病とアルコールの関係は？治療薬への影響も解説,https://www.supercourt.jp/topics/parkinsons-disease-alcohol/,パーキンソン病,"2025-01-27 16:54:38"
パーキンソン病の方が障害者手帳を取得する際の基準とは？,https://www.supercourt.jp/topics/parkinsons-certificate/,パーキンソン病,"2025-02-26 17:23:39"
パーキンソン病の疑いがある場合は何科を受診すればいい？,https://www.supercourt.jp/topics/parkinsons-disease-what-department/,パーキンソン病,"2025-03-26 16:55:21"
パーキンソン病にみられる特有の歩き方とは？気になる場面と改善手法,https://www.supercourt.jp/topics/parkinsons-disease-walking/,パーキンソン病,"2025-03-26 17:28:18"
難病指定されているパーキンソン病の特徴・症状と自身でできる対処法,https://www.supercourt.jp/topics/designated-incurable-disease/,パーキンソン病,"2025-03-27 09:16:46"
若年性パーキンソン病とは？主な症状と成人期にみられるものとの違い,https://www.supercourt.jp/topics/early-onset-parkinsons-disease/,パーキンソン病,"2025-03-27 09:39:02"
レビー小体型認知症とは？原因＆症状から治療まで徹底解説！,https://www.supercourt.jp/topics/lewy-body-dementia/,パーキンソン病,"2025-03-27 09:55:13"
レビー小体型認知症の原因は？注意すべき症状や発症しやすい人の特徴,https://www.supercourt.jp/topics/lewy-body-dementia-causes/,パーキンソン病,"2025-03-27 10:43:26"
